,Compound,DateTime,Neg,Neu,Pos,Source,Text,Tweets Ago
0,0.0,2018-06-10 02:24:23,1.0,0.0,0.0,BBCWorld,@bobsnsane1 @BBCWorld Why do we refer to guns as american and knifes to Muslims ? Crook's will hind behind religion‚Ä¶ https://t.co/XgLKwGOvQU,1
1,-0.0516,2018-06-10 02:24:18,0.802,0.103,0.095,BBCWorld,"RT @BBCWorld: Two men who look like Donald Trump and Kim Jong-un went for a walk in Singapore 
But are they fooling anyone? ü§î
https://t.co/‚Ä¶",2
2,-0.0516,2018-06-10 02:24:10,0.802,0.103,0.095,BBCWorld,"RT @BBCWorld: Two men who look like Donald Trump and Kim Jong-un went for a walk in Singapore 
But are they fooling anyone? ü§î
https://t.co/‚Ä¶",3
3,0.0,2018-06-10 02:24:07,1.0,0.0,0.0,BBCWorld,https://t.co/bOACIpIUht¬†@eBay @youtube @cnn @BBCBreaking @google @BBCWorld @twitter @cnnbrk @nytimes‚Ä¶ https://t.co/t2SIOLZhoZ,4
4,-0.0516,2018-06-10 02:23:35,0.802,0.103,0.095,BBCWorld,"RT @BBCWorld: Two men who look like Donald Trump and Kim Jong-un went for a walk in Singapore 
But are they fooling anyone? ü§î
https://t.co/‚Ä¶",5
5,0.0,2018-06-10 02:23:34,1.0,0.0,0.0,BBCWorld,@mtzuker @BBCWorld It has holes on it,6
6,0.0,2018-06-10 02:22:54,1.0,0.0,0.0,BBCWorld,RT @Mom0U812: @RedTRaccoon @CNN @cnni @CNNPolitics @MSNBC @maddow @laurenduca @VanityFair @TIME @thehill @Oprah @altGS_rocks @bartenderResi‚Ä¶,7
7,0.0,2018-06-10 02:22:33,1.0,0.0,0.0,BBCWorld,Irish Sea. Chilly. https://t.co/CghPfsPqHM,8
8,0.0,2018-06-10 02:22:25,1.0,0.0,0.0,BBCWorld,"RT @shiksha_mitra: ‡§ï‡•ç‡§Ø‡§æ ‡§Ø‡•Ç‡§™‡•Ä ‡§Æ‡•á‡§Ç ‡§¨‡§¶‡§≤‡•á ‡§ï‡•Ä ‡§≠‡§æ‡§µ‡§®‡§æ ‡§∏‡•á ‡§ï‡§æ‡§Æ ‡§π‡•ã ‡§∞‡§π‡§æ ‡§π‡•à
‡§â‡§§‡•ç‡§§‡§∞‡§æ‡§ñ‡§Ç‡§°,‡§Æ‡§ß‡•ç‡§Ø‡§™‡•ç‡§∞‡§¶‡•á‡§∂, ‡§π‡§∞‡§ø‡§Ø‡§æ‡§£‡§æ,‡§¶‡§ø‡§≤‡•ç‡§≤‡•Ä ‡§î‡§∞ ‡§∞‡§æ‡§ú‡•ç‡§Ø ‡§Æ‡•á‡§Ç ‡§∏‡§Æ‡§æ‡§ß‡§æ‡§® ‡§π‡•ã ‡§∏‡§ï‡§§‡§æ ‡§π‡•à ‡§§‡•ã ‡§Ø‡•Ç‡§™‡•Ä‚Ä¶",9
9,0.3612,2018-06-10 02:22:15,0.872,0.0,0.128,BBCWorld,"RT @BBCWorld: Russian workers being taught how to smile more ahead of the World Cup 
‚ò∫Ô∏è‚ò∫Ô∏è
https://t.co/WBNlLAf9Nt https://t.co/uyLxrpKct6",10
10,0.25,2018-06-10 02:22:09,0.882,0.0,0.118,BBCWorld,"@BBCWorld @TVMohandasPai @realDonaldTrump ""Has been taken advantage of"", in a unipolar world,not quite the thing. W‚Ä¶ https://t.co/syOmdcUN7J",11
11,0.0,2018-06-10 02:21:59,1.0,0.0,0.0,BBCWorld,@BBCNewsnight @EvanHD The @BBCNewsnight @BBCR1 @BBCWorld @BBCNews always comes across as not understanding or liste‚Ä¶ https://t.co/6cZtIIm7Fn,12
12,0.3612,2018-06-10 02:21:49,0.872,0.0,0.128,BBCWorld,"RT @BBCWorld: Russian workers being taught how to smile more ahead of the World Cup 
‚ò∫Ô∏è‚ò∫Ô∏è
https://t.co/WBNlLAf9Nt https://t.co/uyLxrpKct6",13
13,0.0,2018-06-10 02:21:47,1.0,0.0,0.0,BBCWorld,RT @JPMarat77: @BBCWorld They must have started taking in refugees,14
14,0.6341,2018-06-10 02:21:45,0.489,0.0,0.511,BBCWorld,@BBCWorld Way to go!! Impressive!,15
15,-0.0516,2018-06-10 02:21:34,0.802,0.103,0.095,BBCWorld,"RT @BBCWorld: Two men who look like Donald Trump and Kim Jong-un went for a walk in Singapore 
But are they fooling anyone? ü§î
https://t.co/‚Ä¶",16
16,0.0,2018-06-10 02:21:26,1.0,0.0,0.0,BBCWorld,RT @sameermparab: @rashtrapatibhvn @PMOIndia @rsprasad @HRDMinistry @MinistryWCD @TweeterSupport @facebook @abpnewstv @ZeeNews @CNBC @BBCWo‚Ä¶,17
17,0.3612,2018-06-10 02:21:14,0.872,0.0,0.128,BBCWorld,"RT @BBCWorld: Russian workers being taught how to smile more ahead of the World Cup 
‚ò∫Ô∏è‚ò∫Ô∏è
https://t.co/WBNlLAf9Nt https://t.co/uyLxrpKct6",18
18,0.3612,2018-06-10 02:20:51,0.872,0.0,0.128,BBCWorld,"RT @BBCWorld: Russian workers being taught how to smile more ahead of the World Cup 
‚ò∫Ô∏è‚ò∫Ô∏è
https://t.co/WBNlLAf9Nt https://t.co/uyLxrpKct6",19
19,0.0,2018-06-10 02:20:50,1.0,0.0,0.0,BBCWorld,RT @TehseenAbidi: @cnnbrk @BBCBreaking  @ABC  @ARYNEWSOFFICIAL @geonews_urdu @ExpressNewsPK  @arynewsud @92newschannel  @24NewsHD @ajjnews4‚Ä¶,20
20,0.0,2018-06-10 02:20:29,1.0,0.0,0.0,BBCWorld,Epic. https://t.co/bH07Pkonlj,21
21,-0.0516,2018-06-10 02:20:23,0.802,0.103,0.095,BBCWorld,"RT @BBCWorld: Two men who look like Donald Trump and Kim Jong-un went for a walk in Singapore 
But are they fooling anyone? ü§î
https://t.co/‚Ä¶",22
22,0.0,2018-06-10 02:19:27,1.0,0.0,0.0,BBCWorld,Apparently there's enough of these to warrant it's own bbc article @cousins_ben https://t.co/3rjdZrHsHO,23
23,0.0,2018-06-10 02:19:13,1.0,0.0,0.0,BBCWorld,@SarvenazMorshe2 @ThamsanqaNcube8 @BBCWorld Why did you write that?,24
24,0.0,2018-06-10 02:19:10,1.0,0.0,0.0,BBCWorld,@Mom0U812 @RedTRaccoon @CNN @cnni @CNNPolitics @MSNBC @maddow @laurenduca @VanityFair @TIME @thehill @Oprah‚Ä¶ https://t.co/jhqwBAPtdA,25
25,-0.8689,2018-06-10 02:19:02,0.612,0.388,0.0,BBCWorld,RT @mycriticaltoday: @BBCWorld UK imprisoned #TommyRobinson for fighting against sex grooming gangs in the UK. @BBC - no news -- fake news‚Ä¶,26
26,0.0,2018-06-10 02:18:51,1.0,0.0,0.0,BBCWorld,RT @agrapolice: ‡§Ü‡§ó‡§∞‡§æ ‡§™‡•Å‡§≤‡§ø‡§∏ ‡§µ‡§ø‡§¶‡•á‡§∂‡•Ä ‡§™‡§∞‡•ç‡§Ø‡§ü‡§ï‡•ã‡§Ç ‡§∏‡•á ‡§â‡§®‡§ï‡•Ä ‡§≠‡§æ‡§∑‡§æ ‡§Æ‡•á ‡§¨‡§æ‡§§ ‡§ï‡§∞‡•á‡§ó‡•Ä‡•§ @dgpup @Uppolice @upcoprahul @UPPolNRI @adgzoneagra @igrangeagra @ami‚Ä¶,27
27,-0.0516,2018-06-10 02:18:16,0.802,0.103,0.095,BBCWorld,"RT @BBCWorld: Two men who look like Donald Trump and Kim Jong-un went for a walk in Singapore 
But are they fooling anyone? ü§î
https://t.co/‚Ä¶",28
28,0.0,2018-06-10 02:18:06,1.0,0.0,0.0,BBCWorld,https://t.co/jYIGBCkBiE¬†@eBay @youtube @cnn @BBCBreaking @google @BBCWorld @twitter @cnnbrk @nytimes‚Ä¶ https://t.co/itEF5GmROL,29
29,-0.0516,2018-06-10 02:18:06,0.802,0.103,0.095,BBCWorld,"RT @BBCWorld: Two men who look like Donald Trump and Kim Jong-un went for a walk in Singapore 
But are they fooling anyone? ü§î
https://t.co/‚Ä¶",30
30,-0.0516,2018-06-10 02:17:57,0.802,0.103,0.095,BBCWorld,"RT @BBCWorld: Two men who look like Donald Trump and Kim Jong-un went for a walk in Singapore 
But are they fooling anyone? ü§î
https://t.co/‚Ä¶",31
31,0.0,2018-06-10 02:17:56,1.0,0.0,0.0,BBCWorld,RT @Mom0U812: @RedTRaccoon @CNN @cnni @CNNPolitics @MSNBC @maddow @laurenduca @VanityFair @TIME @thehill @Oprah @altGS_rocks @bartenderResi‚Ä¶,32
32,0.0,2018-06-10 02:17:55,1.0,0.0,0.0,BBCWorld,@BBCWorld üòÇüòÇüòÇawesome!!,33
33,-0.0516,2018-06-10 02:17:44,0.802,0.103,0.095,BBCWorld,"RT @BBCWorld: Two men who look like Donald Trump and Kim Jong-un went for a walk in Singapore 
But are they fooling anyone? ü§î
https://t.co/‚Ä¶",34
34,0.0,2018-06-10 02:17:31,1.0,0.0,0.0,BBCWorld,https://t.co/N3Dj8XwrJo @RadioPakistan @bbcworld @gillespeterson,35
35,0.0382,2018-06-10 02:17:24,0.913,0.0,0.087,BBCWorld,@BartholemueW @BBCWorld Can't pay their NATO bill but they have money for this.üëå,36
36,0.0,2018-06-10 02:16:54,1.0,0.0,0.0,BBCWorld,@BBCWorld Taco bell?,37
37,-0.4588,2018-06-10 02:16:54,0.4,0.6,0.0,BBCWorld,Desperation usually https://t.co/EWRheT6qMI,38
38,0.0258,2018-06-10 02:16:53,0.879,0.0,0.121,BBCWorld,Finally someone tackling the issues that matter most https://t.co/s3AA5aeS22,39
39,0.3612,2018-06-10 02:16:48,0.872,0.0,0.128,BBCWorld,"RT @BBCWorld: Russian workers being taught how to smile more ahead of the World Cup 
‚ò∫Ô∏è‚ò∫Ô∏è
https://t.co/WBNlLAf9Nt https://t.co/uyLxrpKct6",40
40,0.0,2018-06-10 02:16:42,1.0,0.0,0.0,BBCWorld,@BBCWorld 6666,41
41,0.0,2018-06-10 02:16:36,1.0,0.0,0.0,BBCWorld,"RT @schanderkaushik: @BBCWorld En mass human in numbers to have gathered to take holy dip in any river, Indian Kumbh celiberations to occur‚Ä¶",42
42,0.3612,2018-06-10 02:16:25,0.872,0.0,0.128,BBCWorld,"RT @BBCWorld: Russian workers being taught how to smile more ahead of the World Cup 
‚ò∫Ô∏è‚ò∫Ô∏è
https://t.co/WBNlLAf9Nt https://t.co/uyLxrpKct6",43
43,0.368,2018-06-10 02:16:06,0.798,0.0,0.202,BBCWorld,RT @SteveDavidMike2: FYI Yalls Vüå∑üá∑üá¥üòÅ@Sunüåû@Water @BigBird @RealDonaldTrumpüá∫üá∏@VP @JustinTrudeauüá®üá¶@PutinRFüá∑üá∫@JustinBieber @Slash @BillGates @T‚Ä¶,44
44,-0.4767,2018-06-10 02:16:03,0.392,0.608,0.0,BBCWorld,@waikikigigi @BBCWorld Sad,45
45,0.7184,2018-06-10 02:15:59,0.714,0.0,0.286,BBCWorld,"@Bradthebloke @BBCWorld @realDonaldTrump Sweetie, thankfully I‚Äôm not from America so this isn‚Äôt my problemo, I‚Äôm li‚Ä¶ https://t.co/HS8RPASIjt",46
46,-0.0516,2018-06-10 02:15:55,0.802,0.103,0.095,BBCWorld,"RT @BBCWorld: Two men who look like Donald Trump and Kim Jong-un went for a walk in Singapore 
But are they fooling anyone? ü§î
https://t.co/‚Ä¶",47
47,0.0,2018-06-10 02:15:52,1.0,0.0,0.0,BBCWorld,1Êó•Ââç„Å†„Å£„Åü„Çâ„Åù„ÅÆÊôÇÈñì‰∏ã„Çä„ÅÆÊñ∞ÂππÁ∑ö„ÅÆ‰∏≠„Å†„Å£„Åü„ÅÆ„Åß„ÄÅÁßÅ„ÇÇÈÅ≠ÈÅá„Åó„Å¶„ÅÑ„ÅüÂèØËÉΩÊÄß„Åå„ÅÇ„Çã„ÅÆ„ÅßÊÄñ„ÅÑ‰∫ã‰ª∂„Å†ÔºÅ https://t.co/IkwrQZTBR5,48
48,0.0,2018-06-10 02:15:44,1.0,0.0,0.0,BBCWorld,Deadly stabbing on Japan bullet train https://t.co/JPowQMwJqH,49
49,0.0,2018-06-10 02:15:40,1.0,0.0,0.0,BBCWorld,"@BBCWorld En mass human in numbers to have gathered to take holy dip in any river, Indian Kumbh celiberations to oc‚Ä¶ https://t.co/nCtYzMxiSi",50
50,0.0772,2018-06-10 02:15:39,0.698,0.0,0.302,BBCWorld,@BBCWorld We want tooüôã,51
51,-0.4753,2018-06-10 02:15:36,0.838,0.162,0.0,BBCWorld,"RT @luisperea11: @AJEnglish @TIME @BBCWorld protesting against government aid delays, negligence, corruption! The voice of the Guatemalans‚Ä¶",52
52,-0.5307,2018-06-10 02:15:16,0.671,0.329,0.0,BBCWorld,@BBCWorld SEE! GUN CONTROL DOESNT WORK- NRA Guy,53
53,0.8944,2018-06-10 02:15:15,0.566,0.0,0.434,BBCWorld,@BBCWorld Thats really fantastic! THAT MEANS OF COURSE HES REFERRING TO THE NEW TYPE CLEAN ENERGY PRIESTS!,54
54,0.0,2018-06-10 02:15:03,1.0,0.0,0.0,BBCWorld,RT @7L2CNC: 10ÊôÇ„ÅÆÊã°Êï£ÔºÅ„É°„Ç§Ëã±ÂõΩÈ¶ñÁõ∏‰∏¶„Å≥„Å´„Ç§„ÇÆ„É™„Çπ„ÅÆÁöÜ„Åï„Çì„ÄÅÊó•Êú¨ÂõΩÊ∞ë„ÅØÊó•Á´ã„Åå„Ç§„ÇÆ„É™„Çπ„Å´ÂéüÁô∫„ÇíËº∏Âá∫„Åô„Çã„ÅÆ„Å´ÂèçÂØæ„Åó„Å¶„ÅÑ„Åæ„Åô„ÄÇÂëΩ„Å®ÂõΩÂúü„ÇíÊ±ö„ÅôÂéüÁô∫„ÅØÂêàÁêÜÁöÑÁô∫ÈõªÊñπÊ≥ï„Åß„ÅØ„ÅÇ„Çä„Åæ„Åõ„Çì„ÄÇÁ¶èÂ≥∂„ÇÇ„ÉÅ„Çß„É´„Éé„Éñ„Ç§„É™„ÇÇËß£Ê±∫„Åó„Å¶„ÅÑ„Åæ„Åõ„Çì„ÄÇÊó•Á´ã„Åã„ÇâÂéüÁô∫„ÇíË≤∑„Çè„Å™„ÅÑ„Åß„Åè„Å†„Åï„ÅÑ„ÄÇ@theresa_m‚Ä¶,55
55,0.0,2018-06-10 02:15:00,1.0,0.0,0.0,BBCWorld,@BBCWorld Where is the pictures,56
56,0.0,2018-06-10 02:15:00,1.0,0.0,0.0,BBCWorld,"@BBCWorld Umm, the urge to go...",57
57,0.0,2018-06-10 02:14:50,1.0,0.0,0.0,BBCWorld,@RedTRaccoon @CNN @cnni @CNNPolitics @MSNBC @maddow @laurenduca @VanityFair @TIME @thehill @Oprah @altGS_rocks‚Ä¶ https://t.co/XNtvSAdduL,58
58,0.0,2018-06-10 02:14:43,1.0,0.0,0.0,BBCWorld,"@mscott7612 @JPMarat77 @BBCWorld You think they are all ""Muhammads""? Get educated, bigot.",59
59,0.0,2018-06-10 02:14:39,1.0,0.0,0.0,BBCWorld,RT @agrapolice: ‡§Ü‡§ó‡§∞‡§æ ‡§™‡•Å‡§≤‡§ø‡§∏ ‡§µ‡§ø‡§¶‡•á‡§∂‡•Ä ‡§™‡§∞‡•ç‡§Ø‡§ü‡§ï‡•ã‡§Ç ‡§∏‡•á ‡§â‡§®‡§ï‡•Ä ‡§≠‡§æ‡§∑‡§æ ‡§Æ‡•á ‡§¨‡§æ‡§§ ‡§ï‡§∞‡•á‡§ó‡•Ä‡•§ @dgpup @Uppolice @upcoprahul @UPPolNRI @adgzoneagra @igrangeagra @ami‚Ä¶,60
60,0.3182,2018-06-10 02:14:26,0.635,0.0,0.365,BBCWorld,"@thebullettrain @BBCWorld Squeak English, please.",61
61,0.6452,2018-06-10 02:13:36,0.589,0.114,0.297,BBCWorld,"@BBCWorld There is a saying in Russia  that goes more or less like this"" those who smile are dumb or filty rich""",62
62,0.0,2018-06-10 02:13:19,1.0,0.0,0.0,BBCWorld,RT @TehseenAbidi: @cnnbrk @BBCBreaking  @ABC  @ARYNEWSOFFICIAL @geonews_urdu @ExpressNewsPK  @arynewsud @92newschannel  @24NewsHD @ajjnews4‚Ä¶,63
63,0.3612,2018-06-10 02:13:16,0.872,0.0,0.128,BBCWorld,"RT @BBCWorld: Russian workers being taught how to smile more ahead of the World Cup 
‚ò∫Ô∏è‚ò∫Ô∏è
https://t.co/WBNlLAf9Nt https://t.co/uyLxrpKct6",64
64,0.0,2018-06-10 02:12:56,1.0,0.0,0.0,BBCWorld,@BBCWorld Tell us @AmaliyaDeluxx,65
65,0.0,2018-06-10 02:12:50,1.0,0.0,0.0,BBCWorld,"RT @nishantchat: #PartyChaleOn 

‡§∏‡§ø‡§Ç‡§ó‡§æ‡§™‡•ã‡§∞ ‡§Æ‡•á‡§Ç ‡§™‡•ç‡§∞‡•á‡§ú‡§º‡§ø‡§°‡•á‡§Ç‡§ü ‡§ü‡•ç‡§∞‡§Æ‡•ç‡§™ ‡§î‡§∞ ‡§ï‡§ø‡§Æ ‡§ï‡•á ‡§°‡•Ç‡§™‡•ç‡§≤‡§ø‡§ï‡•á‡§ü ‡§ï‡•Ä ‡§™‡§æ‡§∞‡•ç‡§ü‡•Ä  

 https://t.co/D48rsAvtGZ",66
66,0.0,2018-06-10 02:12:27,1.0,0.0,0.0,BBCWorld,"RT @Nasirkhansf: Watch Imran Khan's latest interview with @BBCWorld
In my opinion he wasn't able to answer any question by the presenter.
@‚Ä¶",67
67,0.0,2018-06-10 02:12:23,1.0,0.0,0.0,BBCWorld,@Aadiiroy @zahid_pmln Now @Jemima_Khan should sue @BBCWorld as she said to sue @RehamKhan1,68
68,0.3612,2018-06-10 02:12:22,0.815,0.0,0.185,BBCWorld,"@gcoleman86 @realDonaldTrump @CBCNews @CNN @BBCWorld @maddow @BC1 @simisara980 Grant, Canada is a joke...",69
69,-0.8689,2018-06-10 02:12:22,0.612,0.388,0.0,BBCWorld,RT @mycriticaltoday: @BBCWorld UK imprisoned #TommyRobinson for fighting against sex grooming gangs in the UK. @BBC - no news -- fake news‚Ä¶,70
70,-0.0516,2018-06-10 02:12:13,0.802,0.103,0.095,BBCWorld,"RT @BBCWorld: Two men who look like Donald Trump and Kim Jong-un went for a walk in Singapore 
But are they fooling anyone? ü§î
https://t.co/‚Ä¶",71
71,0.0,2018-06-10 02:12:05,1.0,0.0,0.0,BBCWorld,RT @nitin33K: @rsprasad @_DigitalIndia @GoI_MeitY @PMOIndia @loksabhatv @DDNational @HRC @NITIAayog @SwachhBharatGov @LogicalIndians @swach‚Ä¶,72
72,0.0,2018-06-10 02:11:42,1.0,0.0,0.0,BBCWorld,@JPMarat77 @BBCWorld With Japanese names...,73
73,0.7717,2018-06-10 02:11:31,0.676,0.0,0.324,BBCWorld,RT @saidalammahsud: @OfficialDGISPR praised sacrifices of #Wana peace committee. ÿßŸÖŸÜ ⁄©ŸÖ€åŸπ€å#PashtunTahaffuzMovement say that it‚Äôs not peace‚Ä¶,74
74,0.3182,2018-06-10 02:11:28,0.867,0.0,0.133,BBCWorld,"RT @Vangalee37: @Rouvafe Please mention all concerned handles .....
@PoliceNG @MBuhari @AsoRock @lagos @AkinwunmiAmbode @AsoRock @BBCWorld‚Ä¶",75
75,-0.6124,2018-06-10 02:11:16,0.75,0.25,0.0,BBCWorld,"@AshaRangappa_ Oh #DonnieLIMPY @realDonaldTrump , are you still embarrassed and sore that Angela Merkel put you in‚Ä¶ https://t.co/5LFHJfWUzJ",76
76,-0.4753,2018-06-10 02:11:09,0.829,0.171,0.0,BBCWorld,"@AJEnglish @TIME @BBCWorld protesting against government aid delays, negligence, corruption! The voice of the Guate‚Ä¶ https://t.co/YqINGe09dN",77
77,0.0,2018-06-10 02:11:09,1.0,0.0,0.0,BBCWorld,@kanhaiyajnusu @Shehla_Rashid @UmarKhalidJNU @ReallySwara @sonamakapoor @_sabanaqvi @TV9Telugu @ravishndtv‚Ä¶ https://t.co/zxt4NCTGfV,78
78,0.0,2018-06-10 02:11:05,1.0,0.0,0.0,BBCWorld,"RT @baphomed75: Hem de fer viral aquest video de @TYellows que arribi ben lluny!
#LlibertatPresosPolitics #FreeCatalanPoliticalPrisoners 
@‚Ä¶",79
79,0.0,2018-06-10 02:10:37,1.0,0.0,0.0,BBCWorld,Ew... ü§¢ https://t.co/wySdumvbJP,80
80,0.0,2018-06-10 02:10:34,1.0,0.0,0.0,BBCWorld,"RT @AshokKu17646109: ‡§≠‡•Ä‡§∑‡§£ ‡§ó‡§∞‡•ç‡§Æ‡•Ä ‡§Æ‡•á ‡§≠‡•Ç‡§ñ‡•á ‡§™‡•ç‡§Ø‡§æ‡§∏‡•á ‡§Ö‡§™‡§®‡•á ‡§¨‡§ö‡•ç‡§ö‡•ã‡§Ç ‡§ï‡•ã ‡§õ‡•ã‡§°‡§º‡§ï‡§∞ 18‡§Æ‡§à ‡§∏‡•á ‡§∞‡§æ‡§ú‡§ß‡§æ‡§®‡•Ä ‡§≤‡§ñ‡§®‡§ä ‡§Æ‡•á‡§Ç ‡§ß‡§∞‡§®‡§æ ‡§¶‡•á ‡§∞‡§π‡•á ‡§π‡•à‡§Ç ‡§∂‡§ø‡§ï‡•ç‡§∑‡§æ‡§Æ‡§ø‡§§‡•ç‡§∞
700 ‡§∂‡§ø‡§ï‡•ç‡§∑‡§æ‡§Æ‡§ø‡§§‡•ç‡§∞ ‡§Æ‚Ä¶",81
81,-0.4215,2018-06-10 02:10:30,0.853,0.147,0.0,BBCWorld,"RT @JuiChakravorty: ""I got stopped by a policeman...and he asked me to show my ID.
Afterwards I asked him why he stopped me. He said becaus‚Ä¶",82
82,0.0,2018-06-10 02:10:28,1.0,0.0,0.0,BBCWorld,Êñ∞ÂππÁ∑ö„ÅßÂà∫ÊÆ∫ https://t.co/Hc8r08tXnL,83
83,0.3612,2018-06-10 02:10:10,0.872,0.0,0.128,BBCWorld,"RT @BBCWorld: Russian workers being taught how to smile more ahead of the World Cup 
‚ò∫Ô∏è‚ò∫Ô∏è
https://t.co/WBNlLAf9Nt https://t.co/uyLxrpKct6",84
84,0.3612,2018-06-10 02:10:07,0.872,0.0,0.128,BBCWorld,"RT @BBCWorld: Russian workers being taught how to smile more ahead of the World Cup 
‚ò∫Ô∏è‚ò∫Ô∏è
https://t.co/WBNlLAf9Nt https://t.co/uyLxrpKct6",85
85,0.4767,2018-06-10 02:10:07,0.552,0.129,0.319,BBCWorld,"@bobsnsane1 @BBCWorld Yes they are, alas, ejiots like you are more populous.",86
86,0.0,2018-06-10 02:09:58,1.0,0.0,0.0,BBCWorld,@JamesWakibia @2HawkEye2018 @WorldOceansDay @Seasaver @aplastic_planet @theflipflopi @UNKiswahili @BBCWorld‚Ä¶ https://t.co/HC1UmL3ERz,87
87,0.0,2018-06-10 02:09:56,1.0,0.0,0.0,BBCWorld,@Babble524 @BDUTT @RanaAyyub @jigneshmevani80 @UNHumanRights @BBCWorld Jb kuch nahi chala to sabka ye natak shuru h‚Ä¶ https://t.co/MvDdTH20LK,88
88,0.0,2018-06-10 02:09:55,1.0,0.0,0.0,BBCWorld,@BBCWorld,89
89,0.0,2018-06-10 02:09:41,1.0,0.0,0.0,BBCWorld,@BBCWorld @realDonaldTrump He lives in another unreal space where he makes things up.  @SenateGOP - can‚Äôt you see?,90
90,0.0,2018-06-10 02:09:36,1.0,0.0,0.0,BBCWorld,ü§£üòÇü§£üòÇ https://t.co/KCtSSHuwzB,91
91,0.0,2018-06-10 02:09:33,1.0,0.0,0.0,BBCWorld,@BBCWorld Y #earthquake ŸÑÿ• #insiders At*least 12*Syrian soldiers*are killed*and a  tank*is damaged*after an*attack*‚Ä¶ https://t.co/aKFEXva5UD,92
92,0.0,2018-06-10 02:09:11,1.0,0.0,0.0,BBCWorld,"@DFWY2313 @BBCWorld This is slander! I‚Äôm not a serial pooper, I will not stand for this",93
93,0.8225,2018-06-10 02:09:09,0.449,0.0,0.551,BBCWorld,may god always protect us and our loved ones https://t.co/4SlKTY6nqZ,94
94,0.5242,2018-06-10 02:09:08,0.47,0.0,0.53,BBCWorld,@BBCWorld Bless their hearts!!,95
95,-0.4215,2018-06-10 02:08:48,0.847,0.153,0.0,BBCWorld,"""I got stopped by a policeman...and he asked me to show my ID.
Afterwards I asked him why he stopped me. He said be‚Ä¶ https://t.co/hH8vU6ahqs",96
96,0.6908,2018-06-10 02:08:48,0.737,0.0,0.263,BBCWorld,"@BBCWorld I lived in Japan for several years and have never,experienced a safer country. Ever. This is truly shocki‚Ä¶ https://t.co/3wlurX5zsQ",97
97,-0.3182,2018-06-10 02:08:42,0.867,0.133,0.0,BBCWorld,"Thousands of uk citizens lost their life savings, pensions, homes bc of Soros. @DigglerUK @Winttocs @BBCWorld",98
98,-0.0516,2018-06-10 02:08:35,0.802,0.103,0.095,BBCWorld,"RT @BBCWorld: Two men who look like Donald Trump and Kim Jong-un went for a walk in Singapore 
But are they fooling anyone? ü§î
https://t.co/‚Ä¶",99
99,-0.7579,2018-06-10 02:08:24,0.723,0.277,0.0,BBCWorld,#TraitorTrump What will America do if it faces a real threat or attack? PUPPET Trump is aligned w Putin‚Äôs interest‚Ä¶ https://t.co/kCEsOhKMYx,100
100,0.4215,2018-06-10 02:24:44,0.588,0.0,0.412,CBSNews,@Josh_MHO @bobsnsane1 @sablelulu @CBSNews True,1
101,0.0,2018-06-10 02:24:44,1.0,0.0,0.0,CBSNews,"RT @IamGMJohnson: They thought he was gay
They fed him animal feces
They beat him
They burned him with cigarettes
They thought he was gay‚Ä¶",2
102,0.0,2018-06-10 02:24:41,1.0,0.0,0.0,CBSNews,"RT @IamGMJohnson: They thought he was gay
They fed him animal feces
They beat him
They burned him with cigarettes
They thought he was gay‚Ä¶",3
103,0.0,2018-06-10 02:24:39,1.0,0.0,0.0,CBSNews,"RT @IamGMJohnson: They thought he was gay
They fed him animal feces
They beat him
They burned him with cigarettes
They thought he was gay‚Ä¶",4
104,0.0,2018-06-10 02:24:38,1.0,0.0,0.0,CBSNews,"RT @IamGMJohnson: They thought he was gay
They fed him animal feces
They beat him
They burned him with cigarettes
They thought he was gay‚Ä¶",5
105,0.0,2018-06-10 02:24:38,1.0,0.0,0.0,CBSNews,"RT @IamGMJohnson: They thought he was gay
They fed him animal feces
They beat him
They burned him with cigarettes
They thought he was gay‚Ä¶",6
106,0.0,2018-06-10 02:24:35,1.0,0.0,0.0,CBSNews,"RT @IamGMJohnson: They thought he was gay
They fed him animal feces
They beat him
They burned him with cigarettes
They thought he was gay‚Ä¶",7
107,0.0,2018-06-10 02:24:35,1.0,0.0,0.0,CBSNews,"RT @IamGMJohnson: They thought he was gay
They fed him animal feces
They beat him
They burned him with cigarettes
They thought he was gay‚Ä¶",8
108,0.0,2018-06-10 02:24:34,1.0,0.0,0.0,CBSNews,"RT @selectedwisdom: Goal of Russia‚Äôs Influence US/EU elections - ‚Äúwin through force of politics rather than politics of force‚Äù, by helping‚Ä¶",9
109,0.0,2018-06-10 02:24:32,1.0,0.0,0.0,CBSNews,"RT @IamGMJohnson: They thought he was gay
They fed him animal feces
They beat him
They burned him with cigarettes
They thought he was gay‚Ä¶",10
110,0.0,2018-06-10 02:24:30,1.0,0.0,0.0,CBSNews,"RT @IamGMJohnson: They thought he was gay
They fed him animal feces
They beat him
They burned him with cigarettes
They thought he was gay‚Ä¶",11
111,0.0,2018-06-10 02:24:29,1.0,0.0,0.0,CBSNews,@piano807 @CBSNews So they said about Hitler.,12
112,0.5574,2018-06-10 02:24:28,0.765,0.0,0.235,CBSNews,"RT @CBSNews: President Trump says he may pardon Muhammad Ali, who does not need a pardon https://t.co/VwUVPwkYMQ https://t.co/RqRqj3eZbO",13
113,0.0,2018-06-10 02:24:25,1.0,0.0,0.0,CBSNews,RT @CBSNews: WATCH: Take a look at how the coastline of Hawaii's Big Island has changed since the Kilauea volcano began erupting five weeks‚Ä¶,14
114,0.0,2018-06-10 02:24:23,1.0,0.0,0.0,CBSNews,Man takes a knee during White House celebration for national anthem https://t.co/PSjdOph7Rm,15
115,-0.4767,2018-06-10 02:24:23,0.829,0.171,0.0,CBSNews,It's a sad day when our media (@WRAL @ABC11_WTVD @WNCN @abcnews @CBSNews @NBCNews @jcconway @jmgl @WRALmartha‚Ä¶ https://t.co/WrZ4ZPnZio,16
116,-0.4404,2018-06-10 02:24:20,0.508,0.492,0.0,CBSNews,He is a fool https://t.co/eTrlP1MzIb,17
117,0.0,2018-06-10 02:24:16,1.0,0.0,0.0,CBSNews,"RT @IamGMJohnson: They thought he was gay
They fed him animal feces
They beat him
They burned him with cigarettes
They thought he was gay‚Ä¶",18
118,-0.5256,2018-06-10 02:24:16,0.469,0.531,0.0,CBSNews,@CBSNews So Sad üòûüòûüòû,19
119,0.7269,2018-06-10 02:24:15,0.663,0.0,0.337,CBSNews,"Justify captures Triple Crown, wins 150th Belmont Stakes

https://t.co/s6F1PSCzoc

Shared from my Google feed",20
120,-0.7269,2018-06-10 02:24:13,0.79,0.21,0.0,CBSNews,"RT @samwhiteout: They killed him because they thought he was gay.

He was 8.

Miss me with the ""you're overreacting"" when it comes to homop‚Ä¶",21
121,-0.7269,2018-06-10 02:24:13,0.79,0.21,0.0,CBSNews,"RT @samwhiteout: They killed him because they thought he was gay.

He was 8.

Miss me with the ""you're overreacting"" when it comes to homop‚Ä¶",22
122,-0.4939,2018-06-10 02:24:12,0.685,0.222,0.093,CBSNews,"RT @Crazy_CanuckCan: @CBSNews @realDonaldTrump's drugs must have affected his ability to discern fact from fiction... War of 1812, Casius C‚Ä¶",23
123,0.0,2018-06-10 02:24:10,1.0,0.0,0.0,CBSNews,"RT @IamGMJohnson: They thought he was gay
They fed him animal feces
They beat him
They burned him with cigarettes
They thought he was gay‚Ä¶",24
124,-0.6369,2018-06-10 02:24:07,0.846,0.154,0.0,CBSNews,RT @markdutcher: the Media is normalizing Putin who is a murderous dictator. why? They are doing the same with kim jong un. Why arent they‚Ä¶,25
125,0.0,2018-06-10 02:24:07,1.0,0.0,0.0,CBSNews,"RT @IamGMJohnson: They thought he was gay
They fed him animal feces
They beat him
They burned him with cigarettes
They thought he was gay‚Ä¶",26
126,0.0,2018-06-10 02:24:05,1.0,0.0,0.0,CBSNews,"RT @KibBitzLaw: Kate Spade, Queen Maxima‚Äôs sister, &amp;  Anthony Bourdain.

Three ‚Äúsuicides‚Äù in 72 hours, all of which are connected &amp; each of‚Ä¶",27
127,0.0,2018-06-10 02:24:04,1.0,0.0,0.0,CBSNews,"RT @IamGMJohnson: They thought he was gay
They fed him animal feces
They beat him
They burned him with cigarettes
They thought he was gay‚Ä¶",28
128,0.0,2018-06-10 02:24:04,1.0,0.0,0.0,CBSNews,@_23869832 @CBSNews ^^^^DIE^^^^EVIL^^^^SPAMMERS^^^^,29
129,-0.7034,2018-06-10 02:24:02,0.502,0.35,0.148,CBSNews,RT @RealCharlieK: Trudeau TRUE THIS HATERS GONNA HATE @POTUS @VP @realDonaldTrump @KellyannePolls  @EricTrump @DonaldJTrumpJr @JudgeJeanine‚Ä¶,30
130,0.0,2018-06-10 02:24:01,1.0,0.0,0.0,CBSNews,"Since you guys won't do your job and cover this, here it is for you. @ABC @NBCNews @CBSNews @MSNBC @CNN @maddow‚Ä¶ https://t.co/9XkrWPQ1fd",31
131,0.4939,2018-06-10 02:23:59,0.738,0.0,0.262,CBSNews,@CBSNews #Trump makes us the laughing stock of the world.,32
132,0.0,2018-06-10 02:23:58,1.0,0.0,0.0,CBSNews,"RT @IamGMJohnson: They thought he was gay
They fed him animal feces
They beat him
They burned him with cigarettes
They thought he was gay‚Ä¶",33
133,-0.5106,2018-06-10 02:23:55,0.68,0.32,0.0,CBSNews,@jenrobertson2o2 @CBSNews It was. System failed multiple times.,34
134,0.0,2018-06-10 02:23:55,1.0,0.0,0.0,CBSNews,"RT @IamGMJohnson: They thought he was gay
They fed him animal feces
They beat him
They burned him with cigarettes
They thought he was gay‚Ä¶",35
135,0.0,2018-06-10 02:23:52,1.0,0.0,0.0,CBSNews,"RT @IamGMJohnson: They thought he was gay
They fed him animal feces
They beat him
They burned him with cigarettes
They thought he was gay‚Ä¶",36
136,0.0,2018-06-10 02:23:52,1.0,0.0,0.0,CBSNews,"RT @IamGMJohnson: They thought he was gay
They fed him animal feces
They beat him
They burned him with cigarettes
They thought he was gay‚Ä¶",37
137,0.0,2018-06-10 02:23:50,1.0,0.0,0.0,CBSNews,"RT @IamGMJohnson: They thought he was gay
They fed him animal feces
They beat him
They burned him with cigarettes
They thought he was gay‚Ä¶",38
138,0.0,2018-06-10 02:23:50,1.0,0.0,0.0,CBSNews,"RT @IamGMJohnson: They thought he was gay
They fed him animal feces
They beat him
They burned him with cigarettes
They thought he was gay‚Ä¶",39
139,0.0,2018-06-10 02:23:50,1.0,0.0,0.0,CBSNews,RT @NolteNC: GTFO https://t.co/wgNUhPCHSd,40
140,0.0,2018-06-10 02:23:48,1.0,0.0,0.0,CBSNews,"RT @IamGMJohnson: They thought he was gay
They fed him animal feces
They beat him
They burned him with cigarettes
They thought he was gay‚Ä¶",41
141,0.0,2018-06-10 02:23:46,1.0,0.0,0.0,CBSNews,"RT @CBSNews: Salmonella outbreak linked to pre-cut melon, CDC says https://t.co/GMtu4dU8Dr https://t.co/johqZotKxx",42
142,0.0,2018-06-10 02:23:45,1.0,0.0,0.0,CBSNews,"RT @IamGMJohnson: They thought he was gay
They fed him animal feces
They beat him
They burned him with cigarettes
They thought he was gay‚Ä¶",43
143,-0.2732,2018-06-10 02:23:44,0.691,0.203,0.106,CBSNews,@CBSNews Sure &amp; most of them illegals paying no tax. He‚Äôs leftist views had no basis in reality,44
144,0.7717,2018-06-10 02:23:44,0.688,0.0,0.312,CBSNews,"RT @DavidBegnaud: Sharing highlights of last night from the @PRparadeNYC gala as well as  conversation I had with @DanaTylerTV, sharing sto‚Ä¶",45
145,0.0,2018-06-10 02:23:43,1.0,0.0,0.0,CBSNews,"RT @IamGMJohnson: They thought he was gay
They fed him animal feces
They beat him
They burned him with cigarettes
They thought he was gay‚Ä¶",46
146,0.0,2018-06-10 02:23:42,1.0,0.0,0.0,CBSNews,"RT @IamGMJohnson: They thought he was gay
They fed him animal feces
They beat him
They burned him with cigarettes
They thought he was gay‚Ä¶",47
147,0.0,2018-06-10 02:23:41,1.0,0.0,0.0,CBSNews,"RT @IamGMJohnson: They thought he was gay
They fed him animal feces
They beat him
They burned him with cigarettes
They thought he was gay‚Ä¶",48
148,-0.7269,2018-06-10 02:23:40,0.79,0.21,0.0,CBSNews,"RT @samwhiteout: They killed him because they thought he was gay.

He was 8.

Miss me with the ""you're overreacting"" when it comes to homop‚Ä¶",49
149,0.0,2018-06-10 02:23:40,1.0,0.0,0.0,CBSNews,"RT @IamGMJohnson: They thought he was gay
They fed him animal feces
They beat him
They burned him with cigarettes
They thought he was gay‚Ä¶",50
150,0.0,2018-06-10 02:23:39,1.0,0.0,0.0,CBSNews,"RT @IamGMJohnson: They thought he was gay
They fed him animal feces
They beat him
They burned him with cigarettes
They thought he was gay‚Ä¶",51
151,0.0,2018-06-10 02:23:35,1.0,0.0,0.0,CBSNews,"RT @IamGMJohnson: They thought he was gay
They fed him animal feces
They beat him
They burned him with cigarettes
They thought he was gay‚Ä¶",52
152,-0.8481,2018-06-10 02:23:33,0.566,0.434,0.0,CBSNews,"RT @CBSNews: Mother, her boyfriend sentenced in boy's ""beyond animalistic"" child abuse death https://t.co/gmAJYKjHqm https://t.co/nAVwq2BAL1",53
153,0.5574,2018-06-10 02:23:32,0.765,0.0,0.235,CBSNews,"RT @CBSNews: President Trump says he may pardon Muhammad Ali, who does not need a pardon https://t.co/VwUVPwkYMQ https://t.co/RqRqj3eZbO",54
154,-0.1531,2018-06-10 02:23:32,0.811,0.105,0.084,CBSNews,"RT @RepSwalwell: Sad to hear this. Charles has an agile mind and is always ready to defend his beliefs. He once advised me, before going on‚Ä¶",55
155,0.0,2018-06-10 02:23:31,1.0,0.0,0.0,CBSNews,@quakes @CBSNews  https://t.co/i74aI8yLxZ,56
156,0.0,2018-06-10 02:23:28,1.0,0.0,0.0,CBSNews,RT @tponews: Half the country don‚Äôt even know the President is on a historic trip to Singapore because they‚Äôre watching #FakeNews #CNN #Msn‚Ä¶,57
157,0.8221,2018-06-10 02:23:26,0.664,0.0,0.336,CBSNews,RT @KYTreasurer: Congratulations to Kentucky-bred Justify on winning the Triple Crown with his Belmont Stakes victory! https://t.co/S1vprUq‚Ä¶,58
158,-0.4404,2018-06-10 02:23:20,0.516,0.335,0.148,CBSNews,Please smack me hard if I ever bitch about anything. Ever. https://t.co/79m8s5ps5x,59
159,0.0,2018-06-10 02:23:19,1.0,0.0,0.0,CBSNews,"RT @IamGMJohnson: They thought he was gay
They fed him animal feces
They beat him
They burned him with cigarettes
They thought he was gay‚Ä¶",60
160,-0.8481,2018-06-10 02:23:19,0.566,0.434,0.0,CBSNews,"RT @CBSNews: Mother, her boyfriend sentenced in boy's ""beyond animalistic"" child abuse death https://t.co/gmAJYKjHqm https://t.co/nAVwq2BAL1",61
161,0.8221,2018-06-10 02:23:19,0.664,0.0,0.336,CBSNews,RT @KYTreasurer: Congratulations to Kentucky-bred Justify on winning the Triple Crown with his Belmont Stakes victory! https://t.co/S1vprUq‚Ä¶,62
162,0.0,2018-06-10 02:23:16,1.0,0.0,0.0,CBSNews,RT @clintonkowach: Newly released video shows Las Vegas shooting from above https://t.co/1jCaiBQtmg via @CBSNews #News #Bibleprophecy #Trut‚Ä¶,63
163,-0.7351,2018-06-10 02:23:13,0.556,0.444,0.0,CBSNews,"Search teams find body of woman missing in suspected alligator attack 
https://t.co/sWIQujO13O",64
164,0.802,2018-06-10 02:23:11,0.647,0.0,0.353,CBSNews,"RT @CBSNews: Anthony Bourdain famously championed for better treatment, respect and recognition of immigrant laborers in American restauran‚Ä¶",65
165,0.0,2018-06-10 02:23:09,1.0,0.0,0.0,CBSNews,"RT @IamGMJohnson: They thought he was gay
They fed him animal feces
They beat him
They burned him with cigarettes
They thought he was gay‚Ä¶",66
166,0.0,2018-06-10 02:23:08,1.0,0.0,0.0,CBSNews,"RT @IamGMJohnson: They thought he was gay
They fed him animal feces
They beat him
They burned him with cigarettes
They thought he was gay‚Ä¶",67
167,0.0,2018-06-10 02:23:08,1.0,0.0,0.0,CBSNews,"RT @IamGMJohnson: They thought he was gay
They fed him animal feces
They beat him
They burned him with cigarettes
They thought he was gay‚Ä¶",68
168,0.0,2018-06-10 02:23:07,1.0,0.0,0.0,CBSNews,Newly released video shows Las Vegas shooting from above https://t.co/1jCaiBQtmg via @CBSNews #News #Bibleprophecy‚Ä¶ https://t.co/saynPTbM1K,69
169,0.0,2018-06-10 02:23:06,1.0,0.0,0.0,CBSNews,"RT @IamGMJohnson: They thought he was gay
They fed him animal feces
They beat him
They burned him with cigarettes
They thought he was gay‚Ä¶",70
170,0.5574,2018-06-10 02:23:06,0.765,0.0,0.235,CBSNews,"RT @CBSNews: President Trump says he may pardon Muhammad Ali, who does not need a pardon https://t.co/VwUVPwkYMQ https://t.co/RqRqj3eZbO",71
171,0.0,2018-06-10 02:23:04,1.0,0.0,0.0,CBSNews,"RT @IamGMJohnson: They thought he was gay
They fed him animal feces
They beat him
They burned him with cigarettes
They thought he was gay‚Ä¶",72
172,0.0,2018-06-10 02:23:01,1.0,0.0,0.0,CBSNews,"RT @IamGMJohnson: They thought he was gay
They fed him animal feces
They beat him
They burned him with cigarettes
They thought he was gay‚Ä¶",73
173,0.0,2018-06-10 02:23:00,1.0,0.0,0.0,CBSNews,"RT @IamGMJohnson: They thought he was gay
They fed him animal feces
They beat him
They burned him with cigarettes
They thought he was gay‚Ä¶",74
174,0.0,2018-06-10 02:22:59,1.0,0.0,0.0,CBSNews,Paul Alter Biography on Robin Williams sheds new light on his life https://t.co/iGsMtADQcm https://t.co/wLWq0ikBBX,75
175,-0.5267,2018-06-10 02:22:58,0.72,0.191,0.089,CBSNews,"RT @CBSSunday: PREVIEW FOR SUNDAY MORNING

Suicide rates have increased more than 25% since 1999 

@mikeshinoda, co-founder of @linkinpark,‚Ä¶",76
176,0.1531,2018-06-10 02:22:58,0.8,0.088,0.112,CBSNews,"@CBSNews Mr. President you are going to accomplish what No Other President has being able to do üôåüèΩüëèüèºüôèüèº
vaya con Dios üôãüèΩüá∫üá∏",77
177,0.0,2018-06-10 02:22:56,1.0,0.0,0.0,CBSNews,"RT @IamGMJohnson: They thought he was gay
They fed him animal feces
They beat him
They burned him with cigarettes
They thought he was gay‚Ä¶",78
178,0.0,2018-06-10 02:22:55,1.0,0.0,0.0,CBSNews,"RT @IamGMJohnson: They thought he was gay
They fed him animal feces
They beat him
They burned him with cigarettes
They thought he was gay‚Ä¶",79
179,0.0,2018-06-10 02:22:51,1.0,0.0,0.0,CBSNews,"RT @IamGMJohnson: They thought he was gay
They fed him animal feces
They beat him
They burned him with cigarettes
They thought he was gay‚Ä¶",80
180,0.0,2018-06-10 02:22:51,1.0,0.0,0.0,CBSNews,"RT @IamGMJohnson: They thought he was gay
They fed him animal feces
They beat him
They burned him with cigarettes
They thought he was gay‚Ä¶",81
181,0.0,2018-06-10 02:22:49,1.0,0.0,0.0,CBSNews,"RT @IamGMJohnson: They thought he was gay
They fed him animal feces
They beat him
They burned him with cigarettes
They thought he was gay‚Ä¶",82
182,-0.6597,2018-06-10 02:22:48,0.766,0.234,0.0,CBSNews,RT @CBSNews: A woman who was out walking her dogs is missing after an alligator reportedly attacked her and dragged her into a pond in Flor‚Ä¶,83
183,0.0,2018-06-10 02:22:48,1.0,0.0,0.0,CBSNews,"RT @IamGMJohnson: They thought he was gay
They fed him animal feces
They beat him
They burned him with cigarettes
They thought he was gay‚Ä¶",84
184,0.0,2018-06-10 02:22:44,1.0,0.0,0.0,CBSNews,"RT @IamGMJohnson: They thought he was gay
They fed him animal feces
They beat him
They burned him with cigarettes
They thought he was gay‚Ä¶",85
185,-0.7034,2018-06-10 02:22:43,0.502,0.35,0.148,CBSNews,RT @RealCharlieK: Trudeau TRUE THIS HATERS GONNA HATE @POTUS @VP @realDonaldTrump @KellyannePolls  @EricTrump @DonaldJTrumpJr @JudgeJeanine‚Ä¶,86
186,0.0,2018-06-10 02:22:43,1.0,0.0,0.0,CBSNews,"RT @IamGMJohnson: They thought he was gay
They fed him animal feces
They beat him
They burned him with cigarettes
They thought he was gay‚Ä¶",87
187,0.0,2018-06-10 02:22:40,1.0,0.0,0.0,CBSNews,"RT @IamGMJohnson: They thought he was gay
They fed him animal feces
They beat him
They burned him with cigarettes
They thought he was gay‚Ä¶",88
188,0.3818,2018-06-10 02:22:39,0.859,0.0,0.141,CBSNews,"RT @mindyanns: The Trump admin. has decided that these parents, who seek legal asylum, have committed crimes by entering the US. They say t‚Ä¶",89
189,0.0,2018-06-10 02:22:39,1.0,0.0,0.0,CBSNews,"RT @IamGMJohnson: They thought he was gay
They fed him animal feces
They beat him
They burned him with cigarettes
They thought he was gay‚Ä¶",90
190,-0.2238,2018-06-10 02:22:38,0.9,0.1,0.0,CBSNews,"@CBSNews We have almost always had opposing views, but I'm very sorry to hear this. Godspeed, Mr. Krauthammer.",91
191,0.0,2018-06-10 02:22:34,1.0,0.0,0.0,CBSNews,"RT @IamGMJohnson: They thought he was gay
They fed him animal feces
They beat him
They burned him with cigarettes
They thought he was gay‚Ä¶",92
192,0.0,2018-06-10 02:22:34,1.0,0.0,0.0,CBSNews,RT @FelixFeralSEA: @tedlieu @nikkihaley @POTUS @realDonaldTrump https://t.co/VDouuVzknP,93
193,0.0,2018-06-10 02:22:33,1.0,0.0,0.0,CBSNews,"RT @IamGMJohnson: They thought he was gay
They fed him animal feces
They beat him
They burned him with cigarettes
They thought he was gay‚Ä¶",94
194,0.0,2018-06-10 02:22:33,1.0,0.0,0.0,CBSNews,"RT @IamGMJohnson: They thought he was gay
They fed him animal feces
They beat him
They burned him with cigarettes
They thought he was gay‚Ä¶",95
195,-0.8481,2018-06-10 02:22:29,0.566,0.434,0.0,CBSNews,"RT @CBSNews: Mother, her boyfriend sentenced in boy's ""beyond animalistic"" child abuse death https://t.co/gmAJYKjHqm https://t.co/nAVwq2BAL1",96
196,0.0,2018-06-10 02:22:28,1.0,0.0,0.0,CBSNews,"@FoxNews @SecretaryZinke @POTUS Because Zinke knows all about international affairs. . .  right. ü§®
About as much as‚Ä¶ https://t.co/NDFODOaRDu",97
197,0.0,2018-06-10 02:22:28,1.0,0.0,0.0,CBSNews,"RT @IamGMJohnson: They thought he was gay
They fed him animal feces
They beat him
They burned him with cigarettes
They thought he was gay‚Ä¶",98
198,0.0,2018-06-10 02:22:27,1.0,0.0,0.0,CBSNews,"RT @mfullilove: According to @realDonaldTrump, sanctioning Russia for annexing the territory of its neighbour - thereby breaching the key p‚Ä¶",99
199,-0.7269,2018-06-10 02:22:27,0.79,0.21,0.0,CBSNews,"RT @samwhiteout: They killed him because they thought he was gay.

He was 8.

Miss me with the ""you're overreacting"" when it comes to homop‚Ä¶",100
200,0.0,2018-06-10 02:24:48,1.0,0.0,0.0,CNN,@FoxNews @realDonaldTrump @CNN @POTUS Can never post this enough https://t.co/Z259TjwQJW,1
201,0.0,2018-06-10 02:24:48,1.0,0.0,0.0,CNN,"ŸÇŸÜÿßÿ© ""CNN"" ÿßŸÑÿ™ÿ±ŸÉŸäÿ© |
ŸÜÿßÿØŸä ÿ®Ÿäÿ¥ŸÉÿ™ÿßÿ¥ Ÿäÿ±ŸäÿØ ŸÖÿ®ŸÑÿ∫ 15 ŸÖŸÑŸäŸàŸÜ ŸäŸàÿ±Ÿà (66 ŸÖŸÑŸäŸàŸÜ ÿ±ŸäÿßŸÑ) ŸÖŸÜ ÿ£ÿ¨ŸÑ ÿ®Ÿäÿπ ÿßŸÑÿ®ÿ±ÿ™ÿ∫ÿßŸÑŸä ÿ®Ÿäÿ®Ÿä ŸÑŸÜÿßÿØŸä #ÿßŸÑÿßÿ™ÿ≠ÿßÿØ‚Ä¶ https://t.co/wQQofhcZgE",2
202,0.8591,2018-06-10 02:24:47,0.632,0.0,0.368,CNN,"RT @AmandiOnAir: Dear @JustinTrudeau, 

The good people of the United States stand in solidarity with you &amp; your fellow citizens, NOT this‚Ä¶",3
203,0.296,2018-06-10 02:24:47,0.909,0.0,0.091,CNN,"RT @FiveRights: .@CNN @MSNBC @ABC @NBC @CBS @nytimes @washingtonpost
You have the same politics as Soros.
Soros admits he wants to impair A‚Ä¶",4
204,0.8591,2018-06-10 02:24:46,0.632,0.0,0.368,CNN,"RT @AmandiOnAir: Dear @JustinTrudeau, 

The good people of the United States stand in solidarity with you &amp; your fellow citizens, NOT this‚Ä¶",5
205,0.0,2018-06-10 02:24:46,1.0,0.0,0.0,CNN,One guess üëâ CNN https://t.co/yfHdaZAFkT,6
206,-0.0258,2018-06-10 02:24:46,0.805,0.1,0.096,CNN,RT @ogwu321: If you grew up in an African household where yo parents watched CNN everyday. Anthony Bourdain passing is like losing uncle,7
207,-0.296,2018-06-10 02:24:46,0.905,0.095,0.0,CNN,RT @CNN: JUST IN: Canadian Prime Minister Justin Trudeau says he will impose retaliatory measures to answer President Trump's tariffs on st‚Ä¶,8
208,0.0,2018-06-10 02:24:46,1.0,0.0,0.0,CNN,"RT @cnnbrk: After Trump reversed his position on a G7 statement, Sen. McCain said to US allies: ""Americans stand with you, even if our Pres‚Ä¶",9
209,0.0,2018-06-10 02:24:45,1.0,0.0,0.0,CNN,@CNN  https://t.co/BKLPAop1uM,10
210,-0.7501,2018-06-10 02:24:45,0.767,0.233,0.0,CNN,"RT @cnnbrk: Trump calls Canada's Trudeau ""very dishonest and weak,"" accuses him of making ""false statements"" and says the US won't sign the‚Ä¶",11
211,0.0,2018-06-10 02:24:45,1.0,0.0,0.0,CNN,"RT @cnnbrk: After Trump reversed his position on a G7 statement, Sen. McCain said to US allies: ""Americans stand with you, even if our Pres‚Ä¶",12
212,-0.291,2018-06-10 02:24:44,0.685,0.19,0.125,CNN,RT @ROHLL5: .@POTUS üá∫üá∏ love this man!  Calling @CNN fake news!  We should call him King Trump!!!! He is second to none!!! Thank you Jesus W‚Ä¶,13
213,0.3182,2018-06-10 02:24:43,0.901,0.0,0.099,CNN,@sj_raymond @CNN I'll make sure NOT to ask a Muslim to make me a Christmas cake decorated to say Jesus is the only‚Ä¶ https://t.co/vfloz8EyCr,14
214,0.0,2018-06-10 02:24:43,1.0,0.0,0.0,CNN,RT @Vallmeister: Trudeau has SNAPPED and has zero chill for Trump: https://t.co/fTziErOjlC,15
215,0.0,2018-06-10 02:24:43,1.0,0.0,0.0,CNN,"RT @FoxNews: President @realDonaldTrump to CNN reporter: ""I would say that the level of relationship is a 10... You can tell that to your f‚Ä¶",16
216,0.0,2018-06-10 02:24:43,1.0,0.0,0.0,CNN,"RT @NatsukiYasuda: „Éï„Çß„É≥„Çπ„ÅÆËøë„Åè„Å´„ÅÑ„ÅüÁî∑ÊÄß„Åå„ÄÅ„ÄéÂä©„Åë„Å¶„Åè„Çå„Äè„Å®Âëº„Çì„Åß„ÅÑ„Åü„ÄÇ„É©„Ç∂„É≥„Åï„Çì„ÅØÂΩº„ÇíÂä©„Åë„Å´Ë°å„Å£„Åü„ÄÇÊíÉ„Åü„Çå„Åü„ÅÆ„ÅØ„ÄÅ„Åù„ÅÆÊôÇ„Å†„Å£„Åü„ÄÇ

„ÄåÂîØ‰∏Ä„ÅÆÊ≠¶Âô®„ÅØÁôΩË°£„Äç„ÄÄ„Éë„É¨„Çπ„ÉÅ„Éä‰∫∫ÁúãË≠∑Â∏´„ÄÅÁãôÊíÉ„Åï„ÇåÊ≠ª‰∫° https://t.co/wXewGgJMnU",17
217,-0.1027,2018-06-10 02:24:43,0.935,0.065,0.0,CNN,RT @countusall: An internal Census Bureau memo sent to Commerce Secretary Wilbur Ross warns that adding a citizenship question to the 2020‚Ä¶,18
218,-0.5255,2018-06-10 02:24:43,0.861,0.139,0.0,CNN,"RT @amber_athey: WATCH: President Trump nukes @CNN reporter into another dimension. 

""I figured. Fake news CNN. The worst!"" he said. ""I ha‚Ä¶",19
219,-0.4767,2018-06-10 02:24:43,0.866,0.134,0.0,CNN,"RT @FoxNews: President @realDonaldTrump: ""Who are you with out of curiosity?""

Reporter: ""CNN.""

@POTUS: ""I figured - Fake News CNN. The wo‚Ä¶",20
220,0.4574,2018-06-10 02:24:42,0.77,0.0,0.23,CNN,"@BreitbartNews Ah yes, CNN, the most untrustworthy name in news! https://t.co/98phl7OPxt",21
221,-0.296,2018-06-10 02:24:42,0.905,0.095,0.0,CNN,RT @CNN: JUST IN: Canadian Prime Minister Justin Trudeau says he will impose retaliatory measures to answer President Trump's tariffs on st‚Ä¶,22
222,0.7783,2018-06-10 02:24:42,0.709,0.0,0.291,CNN,"RT @michele_norris: Hoping @CNN does another @Bourdain tribute but this time focused on his producers , camera crews &amp; fixers who created t‚Ä¶",23
223,-0.2057,2018-06-10 02:24:41,0.898,0.102,0.0,CNN,CNBC correspondent muses on Trump's mental health: 'He did not look well 2 me' https://t.co/zUwBXfx0Y6 #FoxNews Can‚Ä¶ https://t.co/oqIZP81wq4,24
224,0.0,2018-06-10 02:24:41,1.0,0.0,0.0,CNN,RT @mhervieuxtenor: Bravo CNN! https://t.co/SAUeQ6fZOw,25
225,0.8591,2018-06-10 02:24:40,0.632,0.0,0.368,CNN,"RT @AmandiOnAir: Dear @JustinTrudeau, 

The good people of the United States stand in solidarity with you &amp; your fellow citizens, NOT this‚Ä¶",26
226,-0.4767,2018-06-10 02:24:40,0.866,0.134,0.0,CNN,"RT @FoxNews: President @realDonaldTrump: ""Who are you with out of curiosity?""

Reporter: ""CNN.""

@POTUS: ""I figured - Fake News CNN. The wo‚Ä¶",27
227,0.25,2018-06-10 02:24:40,0.764,0.102,0.134,CNN,"RT @dbongino: This is Trump at his best bcz:
1) He drops a neutron bomb on this looney CNN reporter who asks a question in a way designed t‚Ä¶",28
228,-0.5106,2018-06-10 02:24:40,0.852,0.148,0.0,CNN,@PressSec @newsbyhughes @CNN @Scavino45 You're an ugly person. On the inside. You're so out of touch with what Amer‚Ä¶ https://t.co/SvOA4GrWth,29
229,0.2392,2018-06-10 02:24:39,0.621,0.151,0.227,CNN,".@CNN is not fake news.They were immediately up front &amp; honest about Anthony Bourdain‚Äôs death.

Talking openly abou‚Ä¶ https://t.co/AzudqMxICq",30
230,0.0,2018-06-10 02:24:39,1.0,0.0,0.0,CNN,"RT @FoxNews: President @realDonaldTrump to CNN reporter: ""I would say that the level of relationship is a 10... You can tell that to your f‚Ä¶",31
231,0.0,2018-06-10 02:24:39,1.0,0.0,0.0,CNN,"RT @cnnbrk: After Trump reversed his position on a G7 statement, Sen. McCain said to US allies: ""Americans stand with you, even if our Pres‚Ä¶",32
232,0.0,2018-06-10 02:24:39,1.0,0.0,0.0,CNN,"RT @cnnbrk: After Trump reversed his position on a G7 statement, Sen. McCain said to US allies: ""Americans stand with you, even if our Pres‚Ä¶",33
233,-0.3612,2018-06-10 02:24:38,0.889,0.111,0.0,CNN,"@CNN After hearing some of the ridiculous statements that Trump's made lately, I'm thinking Kim is the one that doe‚Ä¶ https://t.co/iY0zd32BhF",34
234,-0.296,2018-06-10 02:24:38,0.905,0.095,0.0,CNN,RT @CNN: JUST IN: Canadian Prime Minister Justin Trudeau says he will impose retaliatory measures to answer President Trump's tariffs on st‚Ä¶,35
235,0.0,2018-06-10 02:24:37,1.0,0.0,0.0,CNN,@VocalLisa @cyndi_gase @RyanEGraney @PressSec @newsbyhughes @CNN @Scavino45 You realize they made that graphic and‚Ä¶ https://t.co/GTZr4SfDLc,36
236,0.0,2018-06-10 02:24:37,1.0,0.0,0.0,CNN,RT @ben_muangwong: MIT ‡∏™‡∏£‡πâ‡∏≤‡∏á AI ‡πÇ‡∏£‡∏Ñ‡∏à‡∏¥‡∏ï‡∏≠‡∏¢‡πà‡∏≤‡∏á Norman ‡∏Ç‡∏∂‡πâ‡∏ô‡∏°‡∏≤‡πÄ‡∏û‡∏∑‡πà‡∏≠‡∏û‡∏¥‡∏™‡∏π‡∏à‡∏ô‡πå‡∏ß‡πà‡∏≤ AI ‡∏≠‡∏≤‡∏à‡∏™‡∏£‡πâ‡∏≤‡∏á‡∏Ñ‡∏ß‡∏≤‡∏°‡πÄ‡∏™‡∏µ‡∏¢‡∏´‡∏≤‡∏¢‡πÅ‡∏•‡∏∞‡πÄ‡∏õ‡πá‡∏ô‡∏≠‡∏±‡∏ô‡∏ï‡∏£‡∏≤‡∏¢‡∏ï‡πà‡∏≠‡∏°‡∏ô‡∏∏‡∏©‡∏¢‡πå‡πÑ‡∏î‡πâ ‡∏´‡∏≤‡∏Å‡∏ñ‡∏π‡∏Å‡∏õ‡πâ‡∏≠‡∏ô‡∏î‡πâ‡∏ß‡∏¢‡∏Ç‡πâ‡∏≠‚Ä¶,37
237,0.25,2018-06-10 02:24:37,0.764,0.102,0.134,CNN,"RT @dbongino: This is Trump at his best bcz:
1) He drops a neutron bomb on this looney CNN reporter who asks a question in a way designed t‚Ä¶",38
238,-0.4125,2018-06-10 02:24:37,0.509,0.28,0.211,CNN,"RT @KagroX: #SanctionTrump. I'm not kidding, @JustinTrudeau. Treat him like an #AmericanOligarch. Freeze his assets. Ban his family's trave‚Ä¶",39
239,0.6808,2018-06-10 02:24:37,0.804,0.0,0.196,CNN,"RT @ShaunKing: This teenager came to the United States as a little boy and was raised in Iowa. 

The United States deported him to a city i‚Ä¶",40
240,0.0,2018-06-10 02:24:36,1.0,0.0,0.0,CNN,"RT @cnnbrk: After Trump reversed his position on a G7 statement, Sen. McCain said to US allies: ""Americans stand with you, even if our Pres‚Ä¶",41
241,-0.296,2018-06-10 02:24:36,0.905,0.095,0.0,CNN,RT @cnni: JUST IN: Canadian Prime Minister Justin Trudeau says he will impose retaliatory measures to answer President Trump's tariffs on s‚Ä¶,42
242,0.8591,2018-06-10 02:24:36,0.632,0.0,0.368,CNN,"RT @AmandiOnAir: Dear @JustinTrudeau, 

The good people of the United States stand in solidarity with you &amp; your fellow citizens, NOT this‚Ä¶",43
243,0.4588,2018-06-10 02:24:36,0.857,0.0,0.143,CNN,RT @Variety: A series of Bourdain‚Äôs favorite ‚ÄòParts Unknown‚Äô episodes will air on CNN starting at 8 p.m. on Saturday https://t.co/LxqdSJogZE,44
244,-0.8442,2018-06-10 02:24:35,0.69,0.31,0.0,CNN,"Anthony Bourdain, celebrity chef, television host and author, has died at age 61 in an apparent suicide, CNN says https://t.co/xRsUpU52H6",45
245,-0.296,2018-06-10 02:24:35,0.905,0.095,0.0,CNN,RT @CNN: JUST IN: Canadian Prime Minister Justin Trudeau says he will impose retaliatory measures to answer President Trump's tariffs on st‚Ä¶,46
246,-0.296,2018-06-10 02:24:35,0.905,0.095,0.0,CNN,RT @CNN: JUST IN: Canadian Prime Minister Justin Trudeau says he will impose retaliatory measures to answer President Trump's tariffs on st‚Ä¶,47
247,-0.291,2018-06-10 02:24:35,0.685,0.19,0.125,CNN,RT @ROHLL5: .@POTUS üá∫üá∏ love this man!  Calling @CNN fake news!  We should call him King Trump!!!! He is second to none!!! Thank you Jesus W‚Ä¶,48
248,-0.7688,2018-06-10 02:24:35,0.618,0.307,0.074,CNN,RT @goldengateblond: It‚Äôs time for even the most virulent of haters to admit it: Hillary was right.  https://t.co/RBtb73vC5k,49
249,0.0,2018-06-10 02:24:35,1.0,0.0,0.0,CNN,"RT @chicohakim: Statement yg dikutip CNN ini cukup menjadi penentu sikap. 

Kami mohon kepada Presiden @jokowi agar tidak menemui Amien Rai‚Ä¶",50
250,0.0,2018-06-10 02:24:34,1.0,0.0,0.0,CNN,"RT @cnnbrk: After Trump reversed his position on a G7 statement, Sen. McCain said to US allies: ""Americans stand with you, even if our Pres‚Ä¶",51
251,-0.296,2018-06-10 02:24:34,0.905,0.095,0.0,CNN,RT @CNN: JUST IN: Canadian Prime Minister Justin Trudeau says he will impose retaliatory measures to answer President Trump's tariffs on st‚Ä¶,52
252,0.1027,2018-06-10 02:24:34,0.6,0.187,0.213,CNN,@CNN üíî Ill find the courage to watch this some other time,53
253,0.34,2018-06-10 02:24:32,0.746,0.082,0.172,CNN,"RT @jimsciutto: And in response, Trump says he will no longer endorse G7 communique. Please explain how that is strategic rather than react‚Ä¶",54
254,0.5657,2018-06-10 02:24:31,0.763,0.0,0.237,CNN,Really challenging to fit in time for family AND the gym. Consider combining the two: https://t.co/k42WGyU6sT‚Ä¶ https://t.co/zfk3tlvP3J,55
255,0.0,2018-06-10 02:24:31,1.0,0.0,0.0,CNN,"RT @cnnbrk: After Trump reversed his position on a G7 statement, Sen. McCain said to US allies: ""Americans stand with you, even if our Pres‚Ä¶",56
256,0.7717,2018-06-10 02:24:31,0.639,0.073,0.288,CNN,"RT @drsanjaygupta: We lost a big bright light -- a truly gifted soul and my friend. Every time I travel or write, I think of Tony. This is‚Ä¶",57
257,0.0,2018-06-10 02:24:31,1.0,0.0,0.0,CNN,„É¢„Ç∂„É≥„Éì„Éº„ÇØ„Åß„ÄåÊîªÊíÉ„ÅÆÊÅê„Çå„Äç„ÄÄÁ±≥Â§ß‰ΩøÈ§®„ÅåË≠¶ÊàíÂëº„Å≥„Åã„ÅëÔºàhttps://t.co/OYDVl8If6IÔºâ   https://t.co/yaOG9OnmuS,58
258,0.0,2018-06-10 02:24:31,1.0,0.0,0.0,CNN,"RT @cnnbrk: After Trump reversed his position on a G7 statement, Sen. McCain said to US allies: ""Americans stand with you, even if our Pres‚Ä¶",59
259,0.0,2018-06-10 02:24:31,1.0,0.0,0.0,CNN,"RT @cnnbrk: After Trump reversed his position on a G7 statement, Sen. McCain said to US allies: ""Americans stand with you, even if our Pres‚Ä¶",60
260,0.4939,2018-06-10 02:24:30,0.868,0.0,0.132,CNN,"RT @RevoltPolitic: Donald Trump is ""a tool of the wealthiest people in this country and I think the American people understand that.""
https‚Ä¶",61
261,-0.3818,2018-06-10 02:24:30,0.885,0.115,0.0,CNN,"RT @JimPethokoukis: ""Globally, tariffs are close to their lowest levels ever ‚Äî averaging around 2.9% ‚Äî according to the latest data from th‚Ä¶",62
262,-0.6901,2018-06-10 02:24:30,0.76,0.24,0.0,CNN,"RT @CNN: President Trump calls Canadian Prime Minister Justin Trudeau ""very dishonest and weak,"" accusing him of making ""false statements""‚Ä¶",63
263,-0.296,2018-06-10 02:24:30,0.905,0.095,0.0,CNN,RT @CNN: JUST IN: Canadian Prime Minister Justin Trudeau says he will impose retaliatory measures to answer President Trump's tariffs on st‚Ä¶,64
264,0.0,2018-06-10 02:24:30,1.0,0.0,0.0,CNN,RT @REALtalk4uHATER: @CNN We are living in real life South Park movie. New policy advisor for @realDonaldTrump! #BlameCanada https://t.co/G‚Ä¶,65
265,-0.6486,2018-06-10 02:24:30,0.725,0.275,0.0,CNN,@amber_athey @CNN How can you even think about taking that question seriously?  Should be fired immediately.,66
266,-0.296,2018-06-10 02:24:29,0.905,0.095,0.0,CNN,RT @CNN: JUST IN: Canadian Prime Minister Justin Trudeau says he will impose retaliatory measures to answer President Trump's tariffs on st‚Ä¶,67
267,0.6808,2018-06-10 02:24:29,0.804,0.0,0.196,CNN,"RT @ShaunKing: This teenager came to the United States as a little boy and was raised in Iowa. 

The United States deported him to a city i‚Ä¶",68
268,-0.296,2018-06-10 02:24:29,0.905,0.095,0.0,CNN,RT @CNN: JUST IN: Canadian Prime Minister Justin Trudeau says he will impose retaliatory measures to answer President Trump's tariffs on st‚Ä¶,69
269,-0.296,2018-06-10 02:24:29,0.905,0.095,0.0,CNN,RT @CNN: JUST IN: Canadian Prime Minister Justin Trudeau says he will impose retaliatory measures to answer President Trump's tariffs on st‚Ä¶,70
270,0.0,2018-06-10 02:24:28,1.0,0.0,0.0,CNN,@CNN Trudeau should sic Leafs fans on Trump. He'll never make it back in one piece.üòÇ,71
271,0.25,2018-06-10 02:24:28,0.764,0.102,0.134,CNN,"RT @dbongino: This is Trump at his best bcz:
1) He drops a neutron bomb on this looney CNN reporter who asks a question in a way designed t‚Ä¶",72
272,0.0,2018-06-10 02:24:28,1.0,0.0,0.0,CNN,#WHotelsGroup    #WholesaleHotels    #betterDeals    #discountedQUALITYstays    #TravelTips    #Thrillseeker‚Ä¶ https://t.co/hIhkeWlZbE,73
273,0.6808,2018-06-10 02:24:27,0.804,0.0,0.196,CNN,"RT @ShaunKing: This teenager came to the United States as a little boy and was raised in Iowa. 

The United States deported him to a city i‚Ä¶",74
274,0.8591,2018-06-10 02:24:27,0.632,0.0,0.368,CNN,"RT @AmandiOnAir: Dear @JustinTrudeau, 

The good people of the United States stand in solidarity with you &amp; your fellow citizens, NOT this‚Ä¶",75
275,0.0,2018-06-10 02:24:26,1.0,0.0,0.0,CNN,"RT @CMonteroOficial: #Venezuela es el pa√≠s m√°s peligroso en el mundo por segundo a√±o consecutivo, seg√∫n una encuesta de Gallup, cayendo por‚Ä¶",76
276,0.0,2018-06-10 02:24:25,1.0,0.0,0.0,CNN,#WholesaleHotelsGroup    #WHotelsGroup    #WholesaleHotels    #more4Less    #discountedQUALITYstays    #BestCities‚Ä¶ https://t.co/oKRab1Xh3E,77
277,-0.5307,2018-06-10 02:24:25,0.832,0.168,0.0,CNN,"RT @100PercFEDUP: ON FIRE! TRUMP CALLS OUT CNN Reporter: ""I figured...fake news CNN. The worst."" [Video] 

https://t.co/27dxvXYCxR https://‚Ä¶",78
278,-0.8172,2018-06-10 02:24:25,0.746,0.254,0.0,CNN,"RT @RealJack: RETWEET if you think Fake News CNN is the worst!

After a question, President Trump asked a reporter, ‚ÄúWho are you with out o‚Ä¶",79
279,-0.6705,2018-06-10 02:24:25,0.71,0.29,0.0,CNN,Teenager from Iowa killed after ICE returns him to Mexico - CNN https://t.co/pvmZeZDSr6,80
280,0.0,2018-06-10 02:24:24,1.0,0.0,0.0,CNN,https://t.co/l7u3558NIN,81
281,-0.2732,2018-06-10 02:24:24,0.909,0.091,0.0,CNN,RT @NeonNettle: Evidence has emerged that CNN reporter Anthony Bourdain was about to run a report exposing an elite pedophile ring right be‚Ä¶,82
282,0.0,2018-06-10 02:24:24,1.0,0.0,0.0,CNN,#WholesaleHotelsGroup    #WHotelsGroup    #WholesaleHotels    #betterDeals    #more4Less    #Traveler‚Ä¶ https://t.co/E1p0ynVpfZ,83
283,0.7402,2018-06-10 02:24:24,0.705,0.0,0.295,CNN,"@ddale8 Interestingly, I never really registered any strong feelings either way. Then, last night in a @CNN segment‚Ä¶ https://t.co/V3iIg2ZBHq",84
284,0.6808,2018-06-10 02:24:24,0.804,0.0,0.196,CNN,"RT @ShaunKing: This teenager came to the United States as a little boy and was raised in Iowa. 

The United States deported him to a city i‚Ä¶",85
285,-0.3612,2018-06-10 02:24:24,0.772,0.143,0.085,CNN,"RT @PoliticalShort: CNN is a complete and utter joke. What a pathetic hack of a question. Trump was right to call this ""reporter"" out. 

ht‚Ä¶",86
286,0.0,2018-06-10 02:24:23,1.0,0.0,0.0,CNN,RT @Vallmeister: Trudeau has SNAPPED and has zero chill for Trump: https://t.co/fTziErOjlC,87
287,0.4404,2018-06-10 02:24:23,0.873,0.0,0.127,CNN,"RT @cchukudebelu: He's actually referring to the Prime Minister of Canada, not Justin Beiber.

His vacuous Nigerian supporters will soon cr‚Ä¶",88
288,0.0,2018-06-10 02:24:23,1.0,0.0,0.0,CNN,RT @everett_earley: @CNN  https://t.co/jSO7qAzDgO,89
289,-0.296,2018-06-10 02:24:23,0.905,0.095,0.0,CNN,RT @CNN: JUST IN: Canadian Prime Minister Justin Trudeau says he will impose retaliatory measures to answer President Trump's tariffs on st‚Ä¶,90
290,0.8591,2018-06-10 02:24:22,0.632,0.0,0.368,CNN,"RT @AmandiOnAir: Dear @JustinTrudeau, 

The good people of the United States stand in solidarity with you &amp; your fellow citizens, NOT this‚Ä¶",91
291,0.5859,2018-06-10 02:24:22,0.847,0.0,0.153,CNN,"RT @cnnbrk: Justify becomes the 13th thoroughbred to win the Triple Crown, finishing first at the Belmont Stakes. It's trainer Bob Baffert'‚Ä¶",92
292,0.0,2018-06-10 02:24:22,1.0,0.0,0.0,CNN,"RT @CMonteroOficial: #Venezuela es el pa√≠s m√°s peligroso en el mundo por segundo a√±o consecutivo, seg√∫n una encuesta de Gallup, cayendo por‚Ä¶",93
293,-0.296,2018-06-10 02:24:22,0.905,0.095,0.0,CNN,RT @CNN: JUST IN: Canadian Prime Minister Justin Trudeau says he will impose retaliatory measures to answer President Trump's tariffs on st‚Ä¶,94
294,-0.296,2018-06-10 02:24:22,0.905,0.095,0.0,CNN,RT @cnni: JUST IN: Canadian Prime Minister Justin Trudeau says he will impose retaliatory measures to answer President Trump's tariffs on s‚Ä¶,95
295,0.8591,2018-06-10 02:24:21,0.632,0.0,0.368,CNN,"RT @AmandiOnAir: Dear @JustinTrudeau, 

The good people of the United States stand in solidarity with you &amp; your fellow citizens, NOT this‚Ä¶",96
296,-0.5719,2018-06-10 02:24:20,0.85,0.15,0.0,CNN,RT @Austin_whan33: I hate how sensitive this country is becoming... here‚Äôs an idea. If you wanna model in a competition based on looks then‚Ä¶,97
297,0.0,2018-06-10 02:24:20,1.0,0.0,0.0,CNN,"RT @ShahinShahini9: ÿ≤ÿ±ÿ™ÿ¥ÿ™ ÿßÿ≠ŸÖÿØ€å ÿ±ÿßÿ∫ÿ®:
ŸÜ⁄Øÿ±ÿßŸÜ€å ÿπŸÅŸà ÿ®€åŸÜ‚ÄåÿßŸÑŸÖŸÑŸÑ ÿßÿ≤ #ÿßÿπÿØÿßŸÖ #ÿ±ÿßŸÖ€åŸÜ_ÿ≠ÿ≥€åŸÜ_ŸæŸÜÿßŸá€å ÿ≠ÿ≥€åŸÜ‚ÄåŸæŸÜÿßŸá€å ÿ®ÿπÿØ ÿßÿ≤ ŸÖÿßŸá ÿ±ŸÖÿ∂ÿßŸÜ
#SosRamin
#RaminHosseinP‚Ä¶",98
298,0.0,2018-06-10 02:24:19,1.0,0.0,0.0,CNN,"RT @cnnbrk: After Trump reversed his position on a G7 statement, Sen. McCain said to US allies: ""Americans stand with you, even if our Pres‚Ä¶",99
299,0.6808,2018-06-10 02:24:19,0.804,0.0,0.196,CNN,"RT @ShaunKing: This teenager came to the United States as a little boy and was raised in Iowa. 

The United States deported him to a city i‚Ä¶",100
300,-0.4404,2018-06-10 02:24:49,0.818,0.182,0.0,FoxNews,RT @AllenLEllison: Democrats' IT scandal set to explode with possible plea deal https://t.co/uNWHl8FKKz #qanon,1
301,-0.5994,2018-06-10 02:24:49,0.803,0.197,0.0,FoxNews,"RT @RealJamesWoods: Its ALWAYS some snake oil, slime ball, back door, stealth shit with the Clintons. Can these people even breathe without‚Ä¶",2
302,0.6623,2018-06-10 02:24:49,0.816,0.0,0.184,FoxNews,"RT @FoxNews: Ahead of the North Korea summit, @VP Mike Pence said he assured Otto Warmbier's family that their son ""will not have died in v‚Ä¶",3
303,0.0,2018-06-10 02:24:49,1.0,0.0,0.0,FoxNews,@2Bcummings @blanks1957 @FoxNews @realDonaldTrump Apparently you do not!!!!! AND I WILL PROVE IT NOW! HOW MUCH OF T‚Ä¶ https://t.co/ZHHuJviXmu,4
304,0.4678,2018-06-10 02:24:49,0.85,0.0,0.15,FoxNews,"RT @FoxNews: .@RealDeanCain on @POTUS' first 500 days in office: ""I think it's been pretty darn good, but you wouldn't know that from the t‚Ä¶",5
305,-0.4588,2018-06-10 02:24:48,0.864,0.136,0.0,FoxNews,"RT @MichaelTomes6: @realDonaldTrump @FoxNews
Retweet this as many times as possible.  PM Justin Trudeau disrespected our President at the G‚Ä¶",6
306,-0.5994,2018-06-10 02:24:48,0.803,0.197,0.0,FoxNews,"RT @RealJamesWoods: Its ALWAYS some snake oil, slime ball, back door, stealth shit with the Clintons. Can these people even breathe without‚Ä¶",7
307,-0.8807,2018-06-10 02:24:48,0.638,0.362,0.0,FoxNews,"RT @FoxNews: .@hogangidley45 on illegal immigrant crime statistics: ""The sad part is, these crimes are 100 percent preventable. All you hav‚Ä¶",8
308,0.0,2018-06-10 02:24:48,1.0,0.0,0.0,FoxNews,@FoxNews @realDonaldTrump @CNN @POTUS Can never post this enough https://t.co/Z259TjwQJW,9
309,0.4019,2018-06-10 02:24:47,0.769,0.0,0.231,FoxNews,RT @RealJamesWoods: I‚Äôm now convinced #NancyPelosi is a GOP plant... https://t.co/UaY2Kzc5Dc,10
310,-0.5106,2018-06-10 02:24:47,0.845,0.155,0.0,FoxNews,RT @FoxNews: South Carolina man fills in for his sick twin on school picture day: 'Nobody ever noticed' https://t.co/ceOhkYHYxs,11
311,0.0,2018-06-10 02:24:47,1.0,0.0,0.0,FoxNews,@KEverhard @FoxNews @hogangidley45 @JudgeJeanine @realDonaldTrump The other POTUS had conditions to be meet before‚Ä¶ https://t.co/n8CypnE6xl,12
312,0.0,2018-06-10 02:24:46,1.0,0.0,0.0,FoxNews,"RT @NoToGlobalism1: @FoxNews @POTUS If the 2020 US Election was tomorrow, would you vote for Trump ?",13
313,0.8491,2018-06-10 02:24:46,0.66,0.0,0.34,FoxNews,RT @President1Trump: #BREAKING AWESOME NEWS: Poll: President @realDonaldTrump has 52% approval rating on the economy! #WINNING #MAGA https:‚Ä¶,14
314,-0.5457,2018-06-10 02:24:46,0.816,0.184,0.0,FoxNews,"RT @FoxNews: Chris Rock hits the Obama Netflix deal, says he doesn't want the former president thinking of a 'Rotten Tomatoes score' https:‚Ä¶",15
315,0.0,2018-06-10 02:24:46,1.0,0.0,0.0,FoxNews,"RT @FoxNews: ""If anybody can do it, [President @realDonaldTrump] can.""

On ""Justice,"" @JudgeJeanine hit the streets of New York to ask peop‚Ä¶",16
316,-0.7088,2018-06-10 02:24:46,0.753,0.247,0.0,FoxNews,RT @FoxNews: .@SteveHiltonx: Trump‚Äôs criticism of G-7 is ‚Äòunprecedented‚Äô scream the elite -- That‚Äôs the whole point of Trump! https://t.co/‚Ä¶,17
317,-0.7579,2018-06-10 02:24:45,0.667,0.333,0.0,FoxNews,"RT @FoxNews: Son of Farrah Fawcett, Ryan O'Neal charged with attempted murder, authorities say https://t.co/4XZWmjULRN",18
318,-0.8316,2018-06-10 02:24:45,0.698,0.302,0.0,FoxNews,RT @shortman5427: Ingraham: 'The People Took Their Power Back on Election Day &amp; the Establishment Is Mad as Hell' https://t.co/hWHieGpjJI,19
319,-0.5413,2018-06-10 02:24:45,0.857,0.143,0.0,FoxNews,RT @kwilli1046: Louie Gohmert: ‚ÄúRobert #Mueller has done more damage during his 12 years as #FBI director than‚Ä¶ probably all the directors‚Ä¶,20
320,-0.2075,2018-06-10 02:24:45,0.672,0.189,0.139,FoxNews,RT @dimasi70: @FoxNews @DarrellIssa @POTUS @realDonaldTrump @JudgeJeanine He‚Äôs broken quite a few alright https://t.co/MaBP4rfL1w,21
321,0.9201,2018-06-10 02:24:44,0.442,0.088,0.47,FoxNews,"RT @TheWisemanSaid2: @FoxNews @hogangidley45 @JudgeJeanine #foxnews Sadly you love propoganda - more than you love the truth.

We love our‚Ä¶",22
322,0.0,2018-06-10 02:24:44,1.0,0.0,0.0,FoxNews,@11msjg00 @FoxNews Try english,23
323,-0.5457,2018-06-10 02:24:44,0.816,0.184,0.0,FoxNews,"RT @FoxNews: Chris Rock hits the Obama Netflix deal, says he doesn't want the former president thinking of a 'Rotten Tomatoes score' https:‚Ä¶",24
324,-0.7088,2018-06-10 02:24:43,0.763,0.237,0.0,FoxNews,RT @skileyman21: Steve Hilton: Trump‚Äôs criticism of G-7 is ‚Äòunprecedented‚Äô scream the elite -- That‚Äôs the whole point of Trump! https://t.c‚Ä¶,25
325,0.7513,2018-06-10 02:24:43,0.27,0.0,0.73,FoxNews,@FoxNews @JohnPau81084341 WOW!!!,26
326,-0.5413,2018-06-10 02:24:43,0.857,0.143,0.0,FoxNews,RT @kwilli1046: Louie Gohmert: ‚ÄúRobert #Mueller has done more damage during his 12 years as #FBI director than‚Ä¶ probably all the directors‚Ä¶,27
327,0.0,2018-06-10 02:24:43,1.0,0.0,0.0,FoxNews,"RT @FoxNews: President @realDonaldTrump to CNN reporter: ""I would say that the level of relationship is a 10... You can tell that to your f‚Ä¶",28
328,-0.4767,2018-06-10 02:24:43,0.866,0.134,0.0,FoxNews,"RT @FoxNews: President @realDonaldTrump: ""Who are you with out of curiosity?""

Reporter: ""CNN.""

@POTUS: ""I figured - Fake News CNN. The wo‚Ä¶",29
329,-0.5994,2018-06-10 02:24:43,0.803,0.197,0.0,FoxNews,"RT @RealJamesWoods: Its ALWAYS some snake oil, slime ball, back door, stealth shit with the Clintons. Can these people even breathe without‚Ä¶",30
330,-0.5413,2018-06-10 02:24:42,0.857,0.143,0.0,FoxNews,RT @kwilli1046: Louie Gohmert: ‚ÄúRobert #Mueller has done more damage during his 12 years as #FBI director than‚Ä¶ probably all the directors‚Ä¶,31
331,0.7906,2018-06-10 02:24:42,0.731,0.0,0.269,FoxNews,"RT @FoxNews: Speaking Saturday about the upcoming North Korea summit at the Faith and Freedom Coalition ‚ÄúRoad to Majority‚Äù Convention, @VP‚Ä¶",32
332,0.5709,2018-06-10 02:24:42,0.85,0.0,0.15,FoxNews,"RT @RealJamesWoods: When the #Left and their media errand boys can‚Äôt handle yet more winning by #Trump, they invariably start this nonsense‚Ä¶",33
333,-0.2057,2018-06-10 02:24:41,0.898,0.102,0.0,FoxNews,CNBC correspondent muses on Trump's mental health: 'He did not look well 2 me' https://t.co/zUwBXfx0Y6 #FoxNews Can‚Ä¶ https://t.co/oqIZP81wq4,34
334,-0.2732,2018-06-10 02:24:41,0.792,0.208,0.0,FoxNews,@FoxNews This is a new low even for fuckin Fox,35
335,0.8779,2018-06-10 02:24:41,0.613,0.0,0.387,FoxNews,"RT @BOURRELL: John Bolton,You're a Perfect addition to @POTUS team. I always respected you
and your honest viewpoints on @FoxNews. I believ‚Ä¶",36
336,-0.765,2018-06-10 02:24:40,0.602,0.398,0.0,FoxNews,"@EpifanioJames @atxed1 @FoxNews When the common enemy was defeated, that alliance ended.",37
337,-0.4767,2018-06-10 02:24:40,0.866,0.134,0.0,FoxNews,"RT @FoxNews: President @realDonaldTrump: ""Who are you with out of curiosity?""

Reporter: ""CNN.""

@POTUS: ""I figured - Fake News CNN. The wo‚Ä¶",38
338,0.0,2018-06-10 02:24:40,1.0,0.0,0.0,FoxNews,RT @LastWave2014: Muslim judge sworn in on Koran in New York https://t.co/Q8ltf6Msvx,39
339,0.0,2018-06-10 02:24:39,1.0,0.0,0.0,FoxNews,"RT @FoxNews: President @realDonaldTrump to CNN reporter: ""I would say that the level of relationship is a 10... You can tell that to your f‚Ä¶",40
340,-0.9029,2018-06-10 02:24:39,0.604,0.396,0.0,FoxNews,"RT @APEntertainment: CANCER SPREADS: @FoxNews contributor Charles Krauthammer says he is dying due to an aggressive cancer, gives himself j‚Ä¶",41
341,0.8779,2018-06-10 02:24:39,0.613,0.0,0.387,FoxNews,"RT @BOURRELL: John Bolton,You're a Perfect addition to @POTUS team. I always respected you
and your honest viewpoints on @FoxNews. I believ‚Ä¶",42
342,-0.6901,2018-06-10 02:24:38,0.593,0.296,0.111,FoxNews,@FoxNews @hogangidley45 @JudgeJeanine This is a true statement. They hate @POTUS so bad they are grasping at anythi‚Ä¶ https://t.co/Tp3o57wf9I,43
343,0.0,2018-06-10 02:24:38,1.0,0.0,0.0,FoxNews,What to know about racing horse Justify https://t.co/l0fD8BDHfr,44
344,-0.3612,2018-06-10 02:24:38,0.737,0.263,0.0,FoxNews,@FoxNews @DarrellIssa @POTUS @JudgeJeanine StateTV FauxNewsTool Ignorance #Zervos,45
345,0.0,2018-06-10 02:24:38,1.0,0.0,0.0,FoxNews,@FoxNews üòû,46
346,0.5766,2018-06-10 02:24:37,0.577,0.129,0.294,FoxNews,"@FoxNews 'brings us together to admire an uncommonly gifted horse' 

That made my dirty mind LOL",47
347,-0.2382,2018-06-10 02:24:36,0.782,0.218,0.0,FoxNews,"RT @brithume: This is harsh, but deserved.  https://t.co/dIYmUirFDf",48
348,-0.5413,2018-06-10 02:24:36,0.857,0.143,0.0,FoxNews,RT @kwilli1046: Louie Gohmert: ‚ÄúRobert #Mueller has done more damage during his 12 years as #FBI director than‚Ä¶ probably all the directors‚Ä¶,49
349,0.6249,2018-06-10 02:24:36,0.785,0.0,0.215,FoxNews,"@Warriormade3 @Pwenzel9907 @FoxNews @realDonaldTrump @JustinTrudeau @POTUS Great book, read it and you will be enli‚Ä¶ https://t.co/DNDjihorPj",50
350,-0.5267,2018-06-10 02:24:36,0.793,0.207,0.0,FoxNews,RT @LadyKnightFury: When you can tell a #FakeNews Reporter just by their stupid question üòèhttps://t.co/d43htUORt8,51
351,-0.4939,2018-06-10 02:24:35,0.868,0.132,0.0,FoxNews,"RT @FoxNews: .@JudgeJeanine: ""@realDonaldTrump is bringing America back in front of our eyes and it's time for the unAmerican haters to get‚Ä¶",52
352,-0.5413,2018-06-10 02:24:34,0.857,0.143,0.0,FoxNews,RT @kwilli1046: Louie Gohmert: ‚ÄúRobert #Mueller has done more damage during his 12 years as #FBI director than‚Ä¶ probably all the directors‚Ä¶,53
353,0.0,2018-06-10 02:24:34,1.0,0.0,0.0,FoxNews,@nicksporcich @IanMCohen @SassBaller @lorrainztweetz @FoxNews @jake_snowflake Do you actually believe Trump is the‚Ä¶ https://t.co/vIzTzW4MWq,54
354,-0.7003,2018-06-10 02:24:33,0.746,0.254,0.0,FoxNews,"RT @FoxNews: .@ChristopherHahn on Bill Maher's comments about @POTUS: ""I don't think it's gonna take a recession to defeat @realDonaldTrump‚Ä¶",55
355,-0.4939,2018-06-10 02:24:33,0.873,0.127,0.0,FoxNews,"RT @President1Trump: ‚ÄúPresident Donald Trump is bringing America back right in front of our eyes, and it‚Äôs time for the unAmerican haters t‚Ä¶",56
356,0.6369,2018-06-10 02:24:33,0.84,0.0,0.16,FoxNews,RT @kwilli1046: Matt #Gaetz: We love when Nancy Pelosi talks about the economy. Remember her crumbs reference.. Democrats were up 8pts on t‚Ä¶,57
357,-0.7345,2018-06-10 02:24:33,0.721,0.279,0.0,FoxNews,"RT @bakerjmw2018: Obama @BarackObama took lying to a new level? His entire Presidency was a lie. 

#Obamacare sucks.
#IranDeal Traitorous!‚Ä¶",58
358,0.0,2018-06-10 02:24:33,1.0,0.0,0.0,FoxNews,RT @HarrietBaldwin: #LockHimTheFuckUp. #TreasonousBastard  https://t.co/oijUW8xC9K,59
359,0.0,2018-06-10 02:24:32,1.0,0.0,0.0,FoxNews,"RT @gaye_gallops: YOU LIVE IN A HOLLYWOOD BUBBLE... TRUMP IS POPPING IT!
‚Äú...one way you get rid of Trump is a crashing economy. So please,‚Ä¶",60
360,-0.5413,2018-06-10 02:24:32,0.845,0.155,0.0,FoxNews,"RT @PatriotLexi: .@replouiegohmert: ‚ÄúSlams Russia probe spending‚ÄºÔ∏è

Mueller has done more damage during his 12 years as FBI Director than..‚Ä¶",61
361,0.0,2018-06-10 02:24:32,1.0,0.0,0.0,FoxNews,@FoxNews @realDonaldTrump Can he get along with anyone ?,62
362,-0.34,2018-06-10 02:24:32,0.63,0.235,0.134,FoxNews,@nene_oo7i @FoxNews @RealDeanCain @POTUS @GregGutfeldShow You can pretty much tell who is the arrogant jerk face wh‚Ä¶ https://t.co/LTPvB2CZen,63
363,-0.5994,2018-06-10 02:24:32,0.803,0.197,0.0,FoxNews,"RT @RealJamesWoods: Its ALWAYS some snake oil, slime ball, back door, stealth shit with the Clintons. Can these people even breathe without‚Ä¶",64
364,0.0,2018-06-10 02:24:32,1.0,0.0,0.0,FoxNews,@FoxNews @DarrellIssa @POTUS @realDonaldTrump @JudgeJeanine https://t.co/r7yoNdKV7m,65
365,-0.4588,2018-06-10 02:24:31,0.472,0.358,0.17,FoxNews,FBI details top internet scams https://t.co/IeFGKy7aIz #FoxNews,66
366,0.0,2018-06-10 02:24:31,1.0,0.0,0.0,FoxNews,"RT @Farberyanki: President @realDonaldTrump is on his way to Singapore for a historic meeting with North Korean leader Kim Jong Un 

Clinto‚Ä¶",67
367,-0.5413,2018-06-10 02:24:31,0.857,0.143,0.0,FoxNews,RT @FoxNews: .@replouiegohmert: ‚ÄúRobert Mueller has done more damage during his 12 years as FBI director than‚Ä¶ probably all the directors p‚Ä¶,68
368,0.7906,2018-06-10 02:24:31,0.731,0.0,0.269,FoxNews,"RT @FoxNews: Speaking Saturday about the upcoming North Korea summit at the Faith and Freedom Coalition ‚ÄúRoad to Majority‚Äù Convention, @VP‚Ä¶",69
369,-0.5413,2018-06-10 02:24:31,0.857,0.143,0.0,FoxNews,RT @kwilli1046: Louie Gohmert: ‚ÄúRobert #Mueller has done more damage during his 12 years as #FBI director than‚Ä¶ probably all the directors‚Ä¶,70
370,0.6369,2018-06-10 02:24:31,0.84,0.0,0.16,FoxNews,RT @kwilli1046: Matt #Gaetz: We love when Nancy Pelosi talks about the economy. Remember her crumbs reference.. Democrats were up 8pts on t‚Ä¶,71
371,0.0,2018-06-10 02:24:30,1.0,0.0,0.0,FoxNews,@FoxNews @JudgeJeanine @realDonaldTrump Traitors all of you,72
372,-0.4767,2018-06-10 02:24:30,0.244,0.756,0.0,FoxNews,@FoxNews Sad,73
373,-0.5574,2018-06-10 02:24:30,0.753,0.247,0.0,FoxNews,RT @FoxNews: Officials order new evacuations as Colorado wildfires rage on https://t.co/CHxtJP68Lp,74
374,-0.5994,2018-06-10 02:24:30,0.803,0.197,0.0,FoxNews,"RT @RealJamesWoods: Its ALWAYS some snake oil, slime ball, back door, stealth shit with the Clintons. Can these people even breathe without‚Ä¶",75
375,0.0,2018-06-10 02:24:30,1.0,0.0,0.0,FoxNews,@EpifanioJames @FoxNews @KellyannePolls @realDonaldTrump @WattersWorld Puerto Rico is a commonwealth dummy we are U‚Ä¶ https://t.co/T4MCsWwwlz,76
376,-0.34,2018-06-10 02:24:30,0.714,0.176,0.11,FoxNews,"RT @FoxNews: .@realDonaldTrump slams Canadian PM as 'dishonest and weak,' pulls back on G-7 communique endorsement https://t.co/CyHjtR10cz",77
377,-0.5994,2018-06-10 02:24:29,0.803,0.197,0.0,FoxNews,"RT @RealJamesWoods: Its ALWAYS some snake oil, slime ball, back door, stealth shit with the Clintons. Can these people even breathe without‚Ä¶",78
378,0.3818,2018-06-10 02:24:29,0.86,0.0,0.14,FoxNews,"@OMGno2trump @FoxNews @GOP What about taking away our 10 essential health benefits, especially coverage for preexis‚Ä¶ https://t.co/rDMQsJDxg6",79
379,-0.4767,2018-06-10 02:24:29,0.244,0.756,0.0,FoxNews,Sad. https://t.co/waEDhIjnDa,80
380,-0.296,2018-06-10 02:24:29,0.909,0.091,0.0,FoxNews,RT @RealJamesWoods: What a snake oil salesman this charlatan was. A real piece of work. No wonder he sealed every record there ever was of‚Ä¶,81
381,0.5709,2018-06-10 02:24:28,0.85,0.0,0.15,FoxNews,"RT @RealJamesWoods: When the #Left and their media errand boys can‚Äôt handle yet more winning by #Trump, they invariably start this nonsense‚Ä¶",82
382,0.4284,2018-06-10 02:24:28,0.726,0.083,0.191,FoxNews,"RT @DameYankee: @nightOwlbookLvr @RSCGOP @FoxNews Dr. K spoke his mind. Most seem to forget, a lot of us have ""ideas"" that fit like a forme‚Ä¶",83
383,0.0,2018-06-10 02:24:28,1.0,0.0,0.0,FoxNews,@FoxNews @ChristopherHahn @realDonaldTrump @JustinTrudeau @JudgeJeanine Just let that statement sink in for a few m‚Ä¶ https://t.co/lp7ad6empv,84
384,0.0,2018-06-10 02:24:27,1.0,0.0,0.0,FoxNews,RT @RaymondArroyo: Can someone call in the Body Language Expert? https://t.co/JNCEUgvQnq,85
385,-0.5457,2018-06-10 02:24:27,0.816,0.184,0.0,FoxNews,"RT @FoxNews: Chris Rock hits the Obama Netflix deal, says he doesn't want the former president thinking of a 'Rotten Tomatoes score' https:‚Ä¶",86
386,0.0,2018-06-10 02:24:27,1.0,0.0,0.0,FoxNews,RT @FoxNews: Kim Jong Un and Donald Trump impersonators arrive in Singapore https://t.co/gQUxSLndMo,87
387,-0.5423,2018-06-10 02:24:26,0.757,0.243,0.0,FoxNews,@FoxNews @RepMattGaetz @WattersWorld Snowflakes...lol. Must suck living in a cave because your sky is falling. Midd‚Ä¶ https://t.co/2HqRLv7Pbm,88
388,-0.5413,2018-06-10 02:24:26,0.857,0.143,0.0,FoxNews,RT @kwilli1046: Louie Gohmert: ‚ÄúRobert #Mueller has done more damage during his 12 years as #FBI director than‚Ä¶ probably all the directors‚Ä¶,89
389,-0.8172,2018-06-10 02:24:25,0.746,0.254,0.0,FoxNews,"RT @RealJack: RETWEET if you think Fake News CNN is the worst!

After a question, President Trump asked a reporter, ‚ÄúWho are you with out o‚Ä¶",90
390,0.1027,2018-06-10 02:24:25,0.78,0.103,0.117,FoxNews,"RT @DonaldJTrumpJr: Nancy Pelosi: ""Hip hip hooray, unemployment is down. What does that mean to me and my life?‚Äù

She actually said that. T‚Ä¶",91
391,-0.34,2018-06-10 02:24:25,0.714,0.176,0.11,FoxNews,"RT @FoxNews: .@realDonaldTrump slams Canadian PM as 'dishonest and weak,' pulls back on G-7 communique endorsement https://t.co/CyHjtR10cz",92
392,-0.7579,2018-06-10 02:24:24,0.667,0.333,0.0,FoxNews,"RT @FoxNews: Son of Farrah Fawcett, Ryan O'Neal charged with attempted murder, authorities say https://t.co/4XZWmjULRN",93
393,-0.3612,2018-06-10 02:24:24,0.772,0.143,0.085,FoxNews,"RT @PoliticalShort: CNN is a complete and utter joke. What a pathetic hack of a question. Trump was right to call this ""reporter"" out. 

ht‚Ä¶",94
394,0.6369,2018-06-10 02:24:23,0.714,0.0,0.286,FoxNews,"@TheMysticRuler @FoxNews @JudgeJeanine @realDonaldTrump yes I agree, nothing is more un American than this administ‚Ä¶ https://t.co/d5bb0CJWuY",95
395,-0.5413,2018-06-10 02:24:23,0.857,0.143,0.0,FoxNews,RT @kwilli1046: Louie Gohmert: ‚ÄúRobert #Mueller has done more damage during his 12 years as #FBI director than‚Ä¶ probably all the directors‚Ä¶,96
396,-0.7579,2018-06-10 02:24:23,0.667,0.333,0.0,FoxNews,"RT @FoxNews: Son of Farrah Fawcett, Ryan O'Neal charged with attempted murder, authorities say https://t.co/4XZWmjULRN",97
397,0.5267,2018-06-10 02:24:23,0.825,0.0,0.175,FoxNews,"RT @FoxNews: Warriors coach Steve Kerr praises LeBron James, compares him to Michael Jordan, report says https://t.co/GFNhAcWjtl",98
398,0.5709,2018-06-10 02:24:23,0.85,0.0,0.15,FoxNews,"RT @RealJamesWoods: When the #Left and their media errand boys can‚Äôt handle yet more winning by #Trump, they invariably start this nonsense‚Ä¶",99
399,-0.5413,2018-06-10 02:24:22,0.857,0.143,0.0,FoxNews,RT @kwilli1046: Louie Gohmert: ‚ÄúRobert #Mueller has done more damage during his 12 years as #FBI director than‚Ä¶ probably all the directors‚Ä¶,100
400,0.0,2018-06-10 02:24:52,1.0,0.0,0.0,nytimes,"RT @nytimes: Before leaving the annual meeting of major world powers, President Trump said that on a scale of 0 to 10, ""the relationship is‚Ä¶",1
401,-0.2023,2018-06-10 02:24:52,0.924,0.076,0.0,nytimes,"RT @JustinWolfers: Average tariff rates charged by G-7 nations:
USA: 1.6%
EU: 1.6%
UK: 1.6%
Italy: 1.6%
Germany: 1.6%
France: 1.6%
Japan: 1‚Ä¶",2
402,-0.4019,2018-06-10 02:24:52,0.881,0.119,0.0,nytimes,"RT @nytimes: Breaking News: President Trump upended two days of diplomacy, refusing to sign a Group of 7 statement and calling Prime Minist‚Ä¶",3
403,-0.3182,2018-06-10 02:24:52,0.901,0.099,0.0,nytimes,RT @nytpolitics: President Trump has found himself isolated on the global stage for taking actions viewed by America‚Äôs closest allies as de‚Ä¶,4
404,0.0857,2018-06-10 02:24:51,0.758,0.114,0.128,nytimes,"RT @KumarRaoNYC: HUGE: Federal judge stays deportation of NYC father detained by ICE while delivering pizza. 

These outcomes don't happen‚Ä¶",5
405,0.0258,2018-06-10 02:24:51,0.8,0.098,0.102,nytimes,"RT @Tvvitterland: #SignsOfAGoodFather
Protects The Family‚Äôs Money
üëáüèª
Trump Says No One Can Justify
The World‚Äôs Extreme Trade Deficits

üóûREA‚Ä¶",6
406,0.4404,2018-06-10 02:24:51,0.861,0.0,0.139,nytimes,RT @nytimesarts: A new book describes how marginalized people can ‚Äúregain their humanity‚Äù by leaning into creative strangeness and rejectin‚Ä¶,7
407,0.0,2018-06-10 02:24:50,1.0,0.0,0.0,nytimes,"RT @nytimes: Before leaving the annual meeting of major world powers, President Trump said that on a scale of 0 to 10, ""the relationship is‚Ä¶",8
408,0.0,2018-06-10 02:24:49,1.0,0.0,0.0,nytimes,... this BS from NYT https://t.co/CfiPqFsebT,9
409,0.5106,2018-06-10 02:24:49,0.732,0.0,0.268,nytimes,RT @SusanRSinger: Strong science = sound policy @HowardGobstein @SciPolGuy @KumarAGarg  https://t.co/TByJZUh5Wi,10
410,0.296,2018-06-10 02:24:49,0.909,0.0,0.091,nytimes,"RT @FiveRights: .@CNN @MSNBC @ABC @NBC @CBS @nytimes @washingtonpost
You have the same politics as Soros.
Soros admits he wants to impair A‚Ä¶",11
411,-0.765,2018-06-10 02:24:48,0.732,0.268,0.0,nytimes,"RT @jayrosen_nyu: The marginalization of science, the contempt for diplomats, the impatience with briefers, the refusal to prepare for meet‚Ä¶",12
412,-0.0516,2018-06-10 02:24:48,0.948,0.052,0.0,nytimes,"RT @shearm: The craziest G7 I have ever covered, capped off by @realDonaldTrump blowing up a deal that took two days of diplomacy. I just n‚Ä¶",13
413,0.7906,2018-06-10 02:24:48,0.632,0.0,0.368,nytimes,@BromanEddows @nytimes @peterbakernyt @shearm What peace? He hasn't achieved peace in our own backyardüòÆüòé,14
414,0.296,2018-06-10 02:24:47,0.909,0.0,0.091,nytimes,"RT @FiveRights: .@CNN @MSNBC @ABC @NBC @CBS @nytimes @washingtonpost
You have the same politics as Soros.
Soros admits he wants to impair A‚Ä¶",15
415,0.0,2018-06-10 02:24:47,1.0,0.0,0.0,nytimes,THIS IS NOT NORMAL! https://t.co/x4Fh5EOUG5,16
416,-0.5574,2018-06-10 02:24:46,0.699,0.213,0.087,nytimes,RT @nytimes: Breaking News: President Trump threatened to end trade with G-7 nations that he said use unfair practices. ‚ÄúWe‚Äôre like the pig‚Ä¶,17
417,0.5574,2018-06-10 02:24:46,0.395,0.0,0.605,nytimes,@nytimes @newsRetweeter17 Oh Thank God.,18
418,0.5719,2018-06-10 02:24:46,0.861,0.0,0.139,nytimes,"RT @peterbakernyt: With a petulant tweetstorm from Air Force One, Trump all but blew up the G-7 nations that the United States has led for‚Ä¶",19
419,-0.0516,2018-06-10 02:24:45,0.948,0.052,0.0,nytimes,"RT @shearm: The craziest G7 I have ever covered, capped off by @realDonaldTrump blowing up a deal that took two days of diplomacy. I just n‚Ä¶",20
420,-0.2023,2018-06-10 02:24:45,0.787,0.125,0.088,nytimes,RT @NYGovCuomo: There‚Äôs compelling evidence that Pablo Villavicencio was improperly detained. He should be immediately released from ICE cu‚Ä¶,21
421,-0.9439,2018-06-10 02:24:44,0.466,0.534,0.0,nytimes,"RT @paulkrugman: Really, really bad. Trump is throwing a temper tantrum, threatening dire retaliation against our allies for high  tariffs‚Ä¶",22
422,0.0,2018-06-10 02:24:44,1.0,0.0,0.0,nytimes,"Trump‚Äôs Blasts Upend G-7, Alienating Oldest Allies https://t.co/210BINpHQ1   A man totally unsuited to world affairs - US in decline",23
423,0.0,2018-06-10 02:24:43,1.0,0.0,0.0,nytimes,@VictoriaPeckham The Line Between Male and Female Athletes: How to Decide? https://t.co/OcED0cYgPd,24
424,0.0,2018-06-10 02:24:43,1.0,0.0,0.0,nytimes,"RT @nytimes: A salmonella outbreak has been linked to melons sold at Trader Joe's, Costco, Walgreens and other stores in 8 states https://t‚Ä¶",25
425,-0.765,2018-06-10 02:24:43,0.732,0.268,0.0,nytimes,"RT @jayrosen_nyu: The marginalization of science, the contempt for diplomats, the impatience with briefers, the refusal to prepare for meet‚Ä¶",26
426,-0.4019,2018-06-10 02:24:41,0.881,0.119,0.0,nytimes,"RT @nytimes: Breaking News: President Trump upended two days of diplomacy, refusing to sign a Group of 7 statement and calling Prime Minist‚Ä¶",27
427,-0.4019,2018-06-10 02:24:41,0.881,0.119,0.0,nytimes,"RT @nytimes: Breaking News: President Trump upended two days of diplomacy, refusing to sign a Group of 7 statement and calling Prime Minist‚Ä¶",28
428,-0.0516,2018-06-10 02:24:40,0.948,0.052,0.0,nytimes,"RT @shearm: The craziest G7 I have ever covered, capped off by @realDonaldTrump blowing up a deal that took two days of diplomacy. I just n‚Ä¶",29
429,-0.9439,2018-06-10 02:24:40,0.466,0.534,0.0,nytimes,"RT @paulkrugman: Really, really bad. Trump is throwing a temper tantrum, threatening dire retaliation against our allies for high  tariffs‚Ä¶",30
430,0.5719,2018-06-10 02:24:40,0.817,0.0,0.183,nytimes,"RT @jswatz: ‚ÄúI was a top climate adviser, and they reassigned me to collect money from oil companies ‚Äî come on.‚Äù Good stuff from ‚Å¶@CoralMDa‚Ä¶",31
431,-0.8105,2018-06-10 02:24:39,0.594,0.334,0.072,nytimes,"RT @Cernovich: No one denies these are sad stories. What is your solution? 

Open borders? If not, then how do you stop family separation,‚Ä¶",32
432,-0.4019,2018-06-10 02:24:38,0.881,0.119,0.0,nytimes,"RT @nytimes: Breaking News: President Trump upended two days of diplomacy, refusing to sign a Group of 7 statement and calling Prime Minist‚Ä¶",33
433,-0.0516,2018-06-10 02:24:37,0.948,0.052,0.0,nytimes,"RT @shearm: The craziest G7 I have ever covered, capped off by @realDonaldTrump blowing up a deal that took two days of diplomacy. I just n‚Ä¶",34
434,0.8374,2018-06-10 02:24:36,0.621,0.0,0.379,nytimes,"RT @RickOhioImBack: Remember 

#HarveyWeinstein hung around with 

Crooked @HillaryClinton 

#Hillary GREAT friends with #NYTimes  

@maggi‚Ä¶",35
435,0.0,2018-06-10 02:24:35,1.0,0.0,0.0,nytimes,@insomniacx29 @nytimes @peterbakernyt @shearm Trump was trying to negotiate a trade deal. Do something about your d‚Ä¶ https://t.co/xoulgFsPEy,36
436,-0.0516,2018-06-10 02:24:35,0.948,0.052,0.0,nytimes,"RT @shearm: The craziest G7 I have ever covered, capped off by @realDonaldTrump blowing up a deal that took two days of diplomacy. I just n‚Ä¶",37
437,0.6705,2018-06-10 02:24:34,0.776,0.0,0.224,nytimes,"RT @wikileaks: Full doc: Indictment of US Senate intelligence committee Security Director James A. Wolfe for leaking to three reporters, in‚Ä¶",38
438,-0.765,2018-06-10 02:24:34,0.732,0.268,0.0,nytimes,"RT @jayrosen_nyu: The marginalization of science, the contempt for diplomats, the impatience with briefers, the refusal to prepare for meet‚Ä¶",39
439,0.0,2018-06-10 02:24:34,1.0,0.0,0.0,nytimes,"RT @nytimeses: ‚ÄúSiete cuentos morales‚Äù, el m√°s reciente libro del escritor sudafricano J. M. Coetzee, se public√≥ primero en espa√±ol que en‚Ä¶",40
440,-0.7906,2018-06-10 02:24:33,0.708,0.292,0.0,nytimes,"RT @nytimes: Venomous stonefish are ugly, and they're poisonous. And now scientists have discovered that they carry switchblades. https://t‚Ä¶",41
441,0.0,2018-06-10 02:24:32,1.0,0.0,0.0,nytimes,"RT @BarbraStreisand: This President is anti-child, anti-family, anti-immigrant, anti-environment. He is anti-compassion and lacks basic hum‚Ä¶",42
442,0.4404,2018-06-10 02:24:31,0.756,0.0,0.244,nytimes,@nytimes Good momentum heading into the summit with North Korea,43
443,0.0258,2018-06-10 02:24:30,0.8,0.098,0.102,nytimes,"RT @Tvvitterland: #SignsOfAGoodFather
Protects The Family‚Äôs Money
üëáüèª
Trump Says No One Can Justify
The World‚Äôs Extreme Trade Deficits

üóûREA‚Ä¶",44
444,0.5719,2018-06-10 02:24:30,0.861,0.0,0.139,nytimes,"RT @peterbakernyt: With a petulant tweetstorm from Air Force One, Trump all but blew up the G-7 nations that the United States has led for‚Ä¶",45
445,0.5719,2018-06-10 02:24:29,0.861,0.0,0.139,nytimes,"RT @peterbakernyt: With a petulant tweetstorm from Air Force One, Trump all but blew up the G-7 nations that the United States has led for‚Ä¶",46
446,0.0,2018-06-10 02:24:29,1.0,0.0,0.0,nytimes,üí• this reeks of John Bolton.  https://t.co/tSaEqxflQv,47
447,0.0,2018-06-10 02:24:29,1.0,0.0,0.0,nytimes,@JammieWF Bill Maher agrees...?  https://t.co/6tb8K8ouHz,48
448,0.3818,2018-06-10 02:24:29,0.86,0.0,0.14,nytimes,"@OMGno2trump @FoxNews @GOP What about taking away our 10 essential health benefits, especially coverage for preexis‚Ä¶ https://t.co/rDMQsJDxg6",49
449,0.0,2018-06-10 02:24:28,1.0,0.0,0.0,nytimes,"RT @NYTScience: The brain of this fur seal is entirely asleep (and probably dreaming of fish). But seals slumber in the water, too, and tha‚Ä¶",50
450,-0.6642,2018-06-10 02:24:28,0.736,0.264,0.0,nytimes,"I have no doubt whatsoever that @JustinTrudeau is saying what really happened at G7.

I'm so sorry that we have suc‚Ä¶ https://t.co/tOTLebhuzB",51
451,-0.5574,2018-06-10 02:24:28,0.854,0.146,0.0,nytimes,"RT @kimseverson: Here's a sketch of Bourdain‚Äôs last couple of days in the medieval village where he died, from @MilanSchreuer of the @nytim‚Ä¶",52
452,-0.1531,2018-06-10 02:24:28,0.873,0.127,0.0,nytimes,RT @KlasfeldReports: Judge Stops Deportation of a New York Pizza Delivery Man https://t.co/2K3bHK21fk,53
453,-0.34,2018-06-10 02:24:27,0.902,0.098,0.0,nytimes,"RT @nytimes: In Canada, many observers were calling it the ""G-6 plus 1"" ‚Äî with President Trump being cast as the irrational, irascible and‚Ä¶",54
454,-0.4019,2018-06-10 02:24:26,0.787,0.213,0.0,nytimes,"In the Trump Administration, Science Is Unwelcome. So Is Advice. https://t.co/8r7Ufti4fp",55
455,-0.7906,2018-06-10 02:24:24,0.708,0.292,0.0,nytimes,"RT @nytimes: Venomous stonefish are ugly, and they're poisonous. And now scientists have discovered that they carry switchblades. https://t‚Ä¶",56
456,-0.4019,2018-06-10 02:24:23,0.886,0.114,0.0,nytimes,RT @laurenfleshman: This article IS the problem. Not puberty. Not girls having their own NORMAL development curve that differs from boys. S‚Ä¶,57
457,0.0,2018-06-10 02:24:22,1.0,0.0,0.0,nytimes,RT @tnak0214: G7„ÅÆ„Ç≥„Éü„É•„Éã„Ç±‰ΩúÊàê„ÅÆÈÅéÁ®ã„Åß„ÄÅ„Ç¢„É°„É™„Ç´„Åå„ÄåÊ≥ï„Å´Âü∫„Å•„ÅÑ„ÅüÂõΩÈöõÁß©Â∫è„Äç„Å®„ÅÑ„ÅÜË°®Áèæ„Å´Èõ£Ëâ≤„ÇíÁ§∫„Åó„Åü„Å®„ÄÇ„ÄåÊ≥ï„Å´„ÄúÁß©Â∫è„Äç„Åù„ÅÆ„ÇÇ„ÅÆ„Å´Èõ£Ëâ≤„ÇíÁ§∫„Åó„Åü„Å®„ÅÑ„ÅÜ„Çà„Çä„ÇÇ„ÄÅ„Åù„ÅÆ‰∏≠Âë≥„Å´„Å§„ÅÑ„Å¶„ÅÆÂØæÁ´ã„Åß„Åó„Çá„ÅÜ„Åå„ÄÅ„Åù„Çå„Å´„Åó„Å¶„ÇÇ„Åæ„ÅÇ„ÄÅ„Å®„ÅÑ„ÅÜÊÑü„Åò„Åß„Åô„ÄÇ https://t.co/n5OWxy‚Ä¶,58
458,0.0,2018-06-10 02:24:22,1.0,0.0,0.0,nytimes,"RT @noNRAmoney: What Explains U.S. Mass Shootings?
‚ÄúThe only variable that can explain the high rate of mass shootings in America is its as‚Ä¶",59
459,0.0,2018-06-10 02:24:22,1.0,0.0,0.0,nytimes,"RT @nytimeses: Cuba y Venezuela encarnan la experiencia fallida del llamado ‚Äúsocialismo del siglo XXI‚Äù en Am√©rica Latina, opina @JorgeGCast‚Ä¶",60
460,-0.7906,2018-06-10 02:24:21,0.708,0.292,0.0,nytimes,"RT @nytimes: Venomous stonefish are ugly, and they're poisonous. And now scientists have discovered that they carry switchblades. https://t‚Ä¶",61
461,0.0,2018-06-10 02:24:21,1.0,0.0,0.0,nytimes,"RT @nytchinese: ÁæéÂõΩÂÜúÊ∞ëÁöÑÁªùÂØπ‰∫∫Êï∞ÂèØËÉΩÂú®ÂáèÂ∞ëÔºå‰ΩÜÂú®ÁâπÊúóÊôÆÁôΩÂÆ´ÂÜÖÈÉ®Ë¥∏Êòì‰øùÊä§Ê¥æÂíåËá™Áî±Ë¥∏ÊòìÊ¥æ‰πãÈó¥ÁöÑÊøÄÁÉàÊñó‰∫â‰∏≠Ôºå‰ªñ‰ª¨ÊúâÁùÄÂ∑®Â§ßÁöÑÂΩ±ÂìçÂäõ„ÄÇ
ËøôÊó¢ÊòØÂõ†‰∏∫‰ªñ‰ª¨ÁöÑËÅå‰∏öÂØπË¥∏ÊòìÂπ≥Ë°°ÁöÑÈáçË¶ÅÊÄßÔºå‰πüÊòØÂõ†‰∏∫Âú∞ÂüüÂàÜÂ∏É‰∏äÔºå‰ªñ‰ª¨ÈõÜ‰∏≠Âú®ÂØπÁâπÊúóÊôÆ2016Âπ¥Â§ßÈÄâ‰∏≠Ëµ¢ÂæóÂ§öÊï∞ÈÄâÁ•®Ëá≥ÂÖ≥ÈáçË¶ÅÁöÑÂ∑û„ÄÇhttps:/‚Ä¶",62
462,0.5719,2018-06-10 02:24:21,0.861,0.0,0.139,nytimes,"RT @peterbakernyt: With a petulant tweetstorm from Air Force One, Trump all but blew up the G-7 nations that the United States has led for‚Ä¶",63
463,0.0,2018-06-10 02:24:21,1.0,0.0,0.0,nytimes,"Prof Jill Ker Conway, 83, Feminist Author and Smith President, Dies: Pioneer on many fronts; first female VP ‚Å¶@UofT‚Ä¶ https://t.co/foV6harnR3",64
464,0.0,2018-06-10 02:24:20,1.0,0.0,0.0,nytimes,"""Maria Bueno, Brazilian Tennis Star Who Reigned Over 1960s, Dies at 78"" by RICHARD GOLDSTEIN via NYT https://t.co/ZtKLis15Ew",65
465,0.0772,2018-06-10 02:24:20,0.588,0.218,0.194,nytimes,"RT @davidaxelrod: Confronting our friends and coddling our foes seems like a weird strategy.  But, hey, we‚Äôre talking about a guy who had a‚Ä¶",66
466,-0.9439,2018-06-10 02:24:20,0.466,0.534,0.0,nytimes,"RT @paulkrugman: Really, really bad. Trump is throwing a temper tantrum, threatening dire retaliation against our allies for high  tariffs‚Ä¶",67
467,0.5267,2018-06-10 02:24:19,0.815,0.0,0.185,nytimes,"""Baffert Has Winning Day, 3 Times Over, at Belmont Stakes"" by THE ASSOCIATED PRESS via NYT https://t.co/4InifluCsm",68
468,0.0,2018-06-10 02:24:19,1.0,0.0,0.0,nytimes,"RT @nytimes: Before leaving the annual meeting of major world powers, President Trump said that on a scale of 0 to 10, ""the relationship is‚Ä¶",69
469,-0.4019,2018-06-10 02:24:18,0.881,0.119,0.0,nytimes,"RT @nytimes: Breaking News: President Trump upended two days of diplomacy, refusing to sign a Group of 7 statement and calling Prime Minist‚Ä¶",70
470,-0.7845,2018-06-10 02:24:18,0.753,0.247,0.0,nytimes,RT @nytclimate: Trump is the first president since World War II not to have appointed a White House science adviser-a neglect of science th‚Ä¶,71
471,0.657,2018-06-10 02:24:17,0.813,0.0,0.187,nytimes,"If you needed further proof we need more writing and discussion about class in non-white America, this excellent es‚Ä¶ https://t.co/W3bx0vrv2H",72
472,0.0,2018-06-10 02:24:17,1.0,0.0,0.0,nytimes,"RT @NYTScience: The brain of this fur seal is entirely asleep (and probably dreaming of fish). But seals slumber in the water, too, and tha‚Ä¶",73
473,0.0,2018-06-10 02:24:16,1.0,0.0,0.0,nytimes,"RT @noNRAmoney: What Explains U.S. Mass Shootings?
‚ÄúThe only variable that can explain the high rate of mass shootings in America is its as‚Ä¶",74
474,-0.7351,2018-06-10 02:24:15,0.744,0.256,0.0,nytimes,RT @hdhntrjeff: Fuck off POTUS @realDonaldTrump #Resign you damn traitor.  Refuses to Sign G-7 Statement and Calls Trudeau ‚ÄòWeak‚Äô https://t‚Ä¶,75
475,0.5719,2018-06-10 02:24:15,0.817,0.0,0.183,nytimes,"RT @jswatz: ‚ÄúI was a top climate adviser, and they reassigned me to collect money from oil companies ‚Äî come on.‚Äù Good stuff from ‚Å¶@CoralMDa‚Ä¶",76
476,0.0,2018-06-10 02:24:15,1.0,0.0,0.0,nytimes,Trump Refuses to Sign G-7 Statement and Calls Trudeau ‚ÄòWeak‚Äô https://t.co/PLYvE927ud,77
477,-0.2023,2018-06-10 02:24:14,0.766,0.135,0.099,nytimes,"RT @SenJeffMerkley: Ok, really: what does Putin have on @realDonaldTrump? Russia has attacked our election, invaded Ukraine, slaughtered in‚Ä¶",78
478,0.25,2018-06-10 02:24:14,0.875,0.0,0.125,nytimes,"@TimSullivanAtty @jpodhoretz @MyPlace4U @nytimes @AliWatkins Depending on her ""oral"" abilities one of the networks‚Ä¶ https://t.co/EGmaEtxjwJ",79
479,-0.9439,2018-06-10 02:24:14,0.466,0.534,0.0,nytimes,"RT @paulkrugman: Really, really bad. Trump is throwing a temper tantrum, threatening dire retaliation against our allies for high  tariffs‚Ä¶",80
480,-0.2023,2018-06-10 02:24:13,0.787,0.125,0.088,nytimes,RT @NYGovCuomo: There‚Äôs compelling evidence that Pablo Villavicencio was improperly detained. He should be immediately released from ICE cu‚Ä¶,81
481,0.2023,2018-06-10 02:24:13,0.913,0.0,0.087,nytimes,RT @danielle_ivory: Donald Trump is the first president since 1941 not to name a science adviser. Important story by @CoralMDavenport docum‚Ä¶,82
482,-0.7003,2018-06-10 02:24:13,0.734,0.266,0.0,nytimes,RT @President1Trump: Trump says U.S. will no longer be ‚Äòpiggy bank‚Äô for the world to Rob #AmericaFirst  https://t.co/7engmE8GUh,83
483,-0.4019,2018-06-10 02:24:13,0.881,0.119,0.0,nytimes,"RT @nytimes: Breaking News: President Trump upended two days of diplomacy, refusing to sign a Group of 7 statement and calling Prime Minist‚Ä¶",84
484,-0.9439,2018-06-10 02:24:13,0.466,0.534,0.0,nytimes,"RT @paulkrugman: Really, really bad. Trump is throwing a temper tantrum, threatening dire retaliation against our allies for high  tariffs‚Ä¶",85
485,0.0,2018-06-10 02:24:12,1.0,0.0,0.0,nytimes,RT @dabeard: Federal judge to ICE: The pizza deliveryman stays here https://t.co/G2pwqbl9Dk,86
486,0.0,2018-06-10 02:24:12,1.0,0.0,0.0,nytimes,RT @Joshua_Pollack: A couple insta-lessons from the G-7 debacle. 1) Trump is under the illusion that he can dictate outcomes through trade‚Ä¶,87
487,-0.4939,2018-06-10 02:24:11,0.773,0.17,0.057,nytimes,@nytimes @peterbakernyt @shearm Toxic @POTUS ‚ò†Ô∏èserial liar sociopath monster backed by slimy sleazy poisonüíÄ @GOP .‚Ä¶ https://t.co/rwIEm9X8fH,88
488,-0.3182,2018-06-10 02:24:11,0.901,0.099,0.0,nytimes,RT @nytpolitics: President Trump has found himself isolated on the global stage for taking actions viewed by America‚Äôs closest allies as de‚Ä¶,89
489,0.0,2018-06-10 02:24:11,1.0,0.0,0.0,nytimes,https://t.co/FTy3Kscn7M,90
490,0.1531,2018-06-10 02:24:10,0.833,0.071,0.095,nytimes,"RT @MaryFernando_: In üá®üá¶ we walk to get coffee in -30 winters. THIS was meant to intimidate us? ‚Äòthe president‚Äôs national security adviser,‚Ä¶",91
491,-0.9439,2018-06-10 02:24:08,0.466,0.534,0.0,nytimes,"RT @paulkrugman: Really, really bad. Trump is throwing a temper tantrum, threatening dire retaliation against our allies for high  tariffs‚Ä¶",92
492,0.5719,2018-06-10 02:24:08,0.85,0.0,0.15,nytimes,"""With a petulant tweetstorm from Air Force One, Mr. Trump all but blew up the Group of 7 nations that the United St‚Ä¶ https://t.co/24MLOJwMRK",93
493,0.0,2018-06-10 02:24:08,1.0,0.0,0.0,nytimes,"RT @nytimes: Before leaving the annual meeting of major world powers, President Trump said that on a scale of 0 to 10, ""the relationship is‚Ä¶",94
494,0.0,2018-06-10 02:24:08,1.0,0.0,0.0,nytimes,I would buy tickets to this boxing match. https://t.co/VIZaYdFKox,95
495,0.0,2018-06-10 02:24:08,1.0,0.0,0.0,nytimes,RT @Joshua_Pollack: A couple insta-lessons from the G-7 debacle. 1) Trump is under the illusion that he can dictate outcomes through trade‚Ä¶,96
496,-0.5574,2018-06-10 02:24:08,0.833,0.167,0.0,nytimes,#Trump must be a Russian spy/operative.  He is single handedly destroying 240 years of US diplomacy.  He is a dange‚Ä¶ https://t.co/SExMxBrrSr,97
497,0.0,2018-06-10 02:24:08,1.0,0.0,0.0,nytimes,"RT @ColinKahl: At the G-7 summit, Team Trump has objected to including the phrase ‚Äúrules-based international order‚Äù in the final communique‚Ä¶",98
498,0.0,2018-06-10 02:24:07,1.0,0.0,0.0,nytimes,https://t.co/bOACIpIUht¬†@eBay @youtube @cnn @BBCBreaking @google @BBCWorld @twitter @cnnbrk @nytimes‚Ä¶ https://t.co/t2SIOLZhoZ,99
499,0.6249,2018-06-10 02:24:07,0.423,0.0,0.577,nytimes,@nytimes Great job DJT,100
